node1,node2,tstart,tend,line,
Myrtle Av,Central Av,14,17,Queens Blvd Local/6 Av Local to Central Av
Central Av,Knickerbocker Av,17,18,Queens Blvd Local/6 Av Local to Knickerbocker Av
Knickerbocker Av,Myrtle-Wyckoff Avs,18,20,Queens Blvd Local/6 Av Local to Myrtle-Wyckoff Avs
Myrtle-Wyckoff Avs,Seneca Av,20,22,Queens Blvd Local/6 Av Local to Seneca Av
Seneca Av,Forest Av,22,23,Queens Blvd Local/6 Av Local to Forest Av
Forest Av,Fresh Pond Rd,23,25,Queens Blvd Local/6 Av Local to Fresh Pond Rd
Fresh Pond Rd,Middle Village-Metropolitan Av,25,27,Queens Blvd Local/6 Av Local to Middle Village-Metropolitan Av
Myrtle Av,Central Av,29,32,Queens Blvd Local/6 Av Local to Central Av
Central Av,Knickerbocker Av,32,33,Queens Blvd Local/6 Av Local to Knickerbocker Av
Knickerbocker Av,Myrtle-Wyckoff Avs,33,35,Queens Blvd Local/6 Av Local to Myrtle-Wyckoff Avs
Myrtle-Wyckoff Avs,Seneca Av,35,37,Queens Blvd Local/6 Av Local to Seneca Av
Seneca Av,Forest Av,37,38,Queens Blvd Local/6 Av Local to Forest Av
Forest Av,Fresh Pond Rd,38,40,Queens Blvd Local/6 Av Local to Fresh Pond Rd
Fresh Pond Rd,Middle Village-Metropolitan Av,40,42,Queens Blvd Local/6 Av Local to Middle Village-Metropolitan Av
Myrtle Av,Central Av,45,47,Queens Blvd Local/6 Av Local to Central Av
Central Av,Knickerbocker Av,47,49,Queens Blvd Local/6 Av Local to Knickerbocker Av
Knickerbocker Av,Myrtle-Wyckoff Avs,49,51,Queens Blvd Local/6 Av Local to Myrtle-Wyckoff Avs
Myrtle-Wyckoff Avs,Seneca Av,51,52,Queens Blvd Local/6 Av Local to Seneca Av
Seneca Av,Forest Av,52,54,Queens Blvd Local/6 Av Local to Forest Av
Forest Av,Fresh Pond Rd,54,56,Queens Blvd Local/6 Av Local to Fresh Pond Rd
Fresh Pond Rd,Middle Village-Metropolitan Av,56,58,Queens Blvd Local/6 Av Local to Middle Village-Metropolitan Av
Myrtle Av,Central Av,62,64,Queens Blvd Local/6 Av Local to Central Av
Central Av,Knickerbocker Av,64,66,Queens Blvd Local/6 Av Local to Knickerbocker Av
Knickerbocker Av,Myrtle-Wyckoff Avs,66,68,Queens Blvd Local/6 Av Local to Myrtle-Wyckoff Avs
Myrtle-Wyckoff Avs,Seneca Av,68,69,Queens Blvd Local/6 Av Local to Seneca Av
Seneca Av,Forest Av,69,71,Queens Blvd Local/6 Av Local to Forest Av
Forest Av,Fresh Pond Rd,71,73,Queens Blvd Local/6 Av Local to Fresh Pond Rd
Fresh Pond Rd,Middle Village-Metropolitan Av,73,75,Queens Blvd Local/6 Av Local to Middle Village-Metropolitan Av
Myrtle Av,Central Av,82,84,Queens Blvd Local/6 Av Local to Central Av
Central Av,Knickerbocker Av,84,86,Queens Blvd Local/6 Av Local to Knickerbocker Av
Knickerbocker Av,Myrtle-Wyckoff Avs,86,88,Queens Blvd Local/6 Av Local to Myrtle-Wyckoff Avs
Myrtle-Wyckoff Avs,Seneca Av,88,89,Queens Blvd Local/6 Av Local to Seneca Av
Seneca Av,Forest Av,89,91,Queens Blvd Local/6 Av Local to Forest Av
Forest Av,Fresh Pond Rd,91,93,Queens Blvd Local/6 Av Local to Fresh Pond Rd
Fresh Pond Rd,Middle Village-Metropolitan Av,93,95,Queens Blvd Local/6 Av Local to Middle Village-Metropolitan Av
Myrtle Av,Central Av,102,104,Queens Blvd Local/6 Av Local to Central Av
Central Av,Knickerbocker Av,104,106,Queens Blvd Local/6 Av Local to Knickerbocker Av
Knickerbocker Av,Myrtle-Wyckoff Avs,106,108,Queens Blvd Local/6 Av Local to Myrtle-Wyckoff Avs
Myrtle-Wyckoff Avs,Seneca Av,108,109,Queens Blvd Local/6 Av Local to Seneca Av
Seneca Av,Forest Av,109,111,Queens Blvd Local/6 Av Local to Forest Av
Forest Av,Fresh Pond Rd,111,113,Queens Blvd Local/6 Av Local to Fresh Pond Rd
Fresh Pond Rd,Middle Village-Metropolitan Av,113,115,Queens Blvd Local/6 Av Local to Middle Village-Metropolitan Av
Myrtle Av,Central Av,122,124,Queens Blvd Local/6 Av Local to Central Av
Central Av,Knickerbocker Av,124,126,Queens Blvd Local/6 Av Local to Knickerbocker Av
Knickerbocker Av,Myrtle-Wyckoff Avs,126,128,Queens Blvd Local/6 Av Local to Myrtle-Wyckoff Avs
Myrtle-Wyckoff Avs,Seneca Av,128,129,Queens Blvd Local/6 Av Local to Seneca Av
Seneca Av,Forest Av,129,131,Queens Blvd Local/6 Av Local to Forest Av
Forest Av,Fresh Pond Rd,131,133,Queens Blvd Local/6 Av Local to Fresh Pond Rd
Fresh Pond Rd,Middle Village-Metropolitan Av,133,135,Queens Blvd Local/6 Av Local to Middle Village-Metropolitan Av
Myrtle Av,Central Av,142,144,Queens Blvd Local/6 Av Local to Central Av
Central Av,Knickerbocker Av,144,146,Queens Blvd Local/6 Av Local to Knickerbocker Av
Knickerbocker Av,Myrtle-Wyckoff Avs,146,148,Queens Blvd Local/6 Av Local to Myrtle-Wyckoff Avs
Myrtle-Wyckoff Avs,Seneca Av,148,149,Queens Blvd Local/6 Av Local to Seneca Av
Seneca Av,Forest Av,149,151,Queens Blvd Local/6 Av Local to Forest Av
Forest Av,Fresh Pond Rd,151,153,Queens Blvd Local/6 Av Local to Fresh Pond Rd
Fresh Pond Rd,Middle Village-Metropolitan Av,153,155,Queens Blvd Local/6 Av Local to Middle Village-Metropolitan Av
Myrtle Av,Central Av,162,164,Queens Blvd Local/6 Av Local to Central Av
Central Av,Knickerbocker Av,164,166,Queens Blvd Local/6 Av Local to Knickerbocker Av
Knickerbocker Av,Myrtle-Wyckoff Avs,166,168,Queens Blvd Local/6 Av Local to Myrtle-Wyckoff Avs
Myrtle-Wyckoff Avs,Seneca Av,168,169,Queens Blvd Local/6 Av Local to Seneca Av
Seneca Av,Forest Av,169,171,Queens Blvd Local/6 Av Local to Forest Av
Forest Av,Fresh Pond Rd,171,173,Queens Blvd Local/6 Av Local to Fresh Pond Rd
Fresh Pond Rd,Middle Village-Metropolitan Av,173,175,Queens Blvd Local/6 Av Local to Middle Village-Metropolitan Av
Myrtle Av,Central Av,182,184,Queens Blvd Local/6 Av Local to Central Av
Central Av,Knickerbocker Av,184,186,Queens Blvd Local/6 Av Local to Knickerbocker Av
Knickerbocker Av,Myrtle-Wyckoff Avs,186,188,Queens Blvd Local/6 Av Local to Myrtle-Wyckoff Avs
Myrtle-Wyckoff Avs,Seneca Av,188,189,Queens Blvd Local/6 Av Local to Seneca Av
Seneca Av,Forest Av,189,191,Queens Blvd Local/6 Av Local to Forest Av
Forest Av,Fresh Pond Rd,191,193,Queens Blvd Local/6 Av Local to Fresh Pond Rd
Fresh Pond Rd,Middle Village-Metropolitan Av,193,195,Queens Blvd Local/6 Av Local to Middle Village-Metropolitan Av
Myrtle Av,Central Av,202,204,Queens Blvd Local/6 Av Local to Central Av
Central Av,Knickerbocker Av,204,206,Queens Blvd Local/6 Av Local to Knickerbocker Av
Knickerbocker Av,Myrtle-Wyckoff Avs,206,208,Queens Blvd Local/6 Av Local to Myrtle-Wyckoff Avs
Myrtle-Wyckoff Avs,Seneca Av,208,209,Queens Blvd Local/6 Av Local to Seneca Av
Seneca Av,Forest Av,209,211,Queens Blvd Local/6 Av Local to Forest Av
Forest Av,Fresh Pond Rd,211,213,Queens Blvd Local/6 Av Local to Fresh Pond Rd
Fresh Pond Rd,Middle Village-Metropolitan Av,213,215,Queens Blvd Local/6 Av Local to Middle Village-Metropolitan Av
Myrtle Av,Central Av,222,224,Queens Blvd Local/6 Av Local to Central Av
Central Av,Knickerbocker Av,224,226,Queens Blvd Local/6 Av Local to Knickerbocker Av
Knickerbocker Av,Myrtle-Wyckoff Avs,226,228,Queens Blvd Local/6 Av Local to Myrtle-Wyckoff Avs
Myrtle-Wyckoff Avs,Seneca Av,228,229,Queens Blvd Local/6 Av Local to Seneca Av
Seneca Av,Forest Av,229,231,Queens Blvd Local/6 Av Local to Forest Av
Forest Av,Fresh Pond Rd,231,233,Queens Blvd Local/6 Av Local to Fresh Pond Rd
Fresh Pond Rd,Middle Village-Metropolitan Av,233,235,Queens Blvd Local/6 Av Local to Middle Village-Metropolitan Av
Myrtle Av,Central Av,242,244,Queens Blvd Local/6 Av Local to Central Av
Central Av,Knickerbocker Av,244,246,Queens Blvd Local/6 Av Local to Knickerbocker Av
Knickerbocker Av,Myrtle-Wyckoff Avs,246,248,Queens Blvd Local/6 Av Local to Myrtle-Wyckoff Avs
Myrtle-Wyckoff Avs,Seneca Av,248,249,Queens Blvd Local/6 Av Local to Seneca Av
Seneca Av,Forest Av,249,251,Queens Blvd Local/6 Av Local to Forest Av
Forest Av,Fresh Pond Rd,251,253,Queens Blvd Local/6 Av Local to Fresh Pond Rd
Fresh Pond Rd,Middle Village-Metropolitan Av,253,255,Queens Blvd Local/6 Av Local to Middle Village-Metropolitan Av
Myrtle Av,Central Av,262,264,Queens Blvd Local/6 Av Local to Central Av
Central Av,Knickerbocker Av,264,266,Queens Blvd Local/6 Av Local to Knickerbocker Av
Knickerbocker Av,Myrtle-Wyckoff Avs,266,268,Queens Blvd Local/6 Av Local to Myrtle-Wyckoff Avs
Myrtle-Wyckoff Avs,Seneca Av,268,269,Queens Blvd Local/6 Av Local to Seneca Av
Seneca Av,Forest Av,269,271,Queens Blvd Local/6 Av Local to Forest Av
Forest Av,Fresh Pond Rd,271,273,Queens Blvd Local/6 Av Local to Fresh Pond Rd
Fresh Pond Rd,Middle Village-Metropolitan Av,273,275,Queens Blvd Local/6 Av Local to Middle Village-Metropolitan Av
Myrtle Av,Central Av,282,284,Queens Blvd Local/6 Av Local to Central Av
Central Av,Knickerbocker Av,284,286,Queens Blvd Local/6 Av Local to Knickerbocker Av
Knickerbocker Av,Myrtle-Wyckoff Avs,286,288,Queens Blvd Local/6 Av Local to Myrtle-Wyckoff Avs
Myrtle-Wyckoff Avs,Seneca Av,288,289,Queens Blvd Local/6 Av Local to Seneca Av
Seneca Av,Forest Av,289,291,Queens Blvd Local/6 Av Local to Forest Av
Forest Av,Fresh Pond Rd,291,293,Queens Blvd Local/6 Av Local to Fresh Pond Rd
Fresh Pond Rd,Middle Village-Metropolitan Av,293,295,Queens Blvd Local/6 Av Local to Middle Village-Metropolitan Av
Myrtle Av,Central Av,302,304,Queens Blvd Local/6 Av Local to Central Av
Central Av,Knickerbocker Av,304,306,Queens Blvd Local/6 Av Local to Knickerbocker Av
Knickerbocker Av,Myrtle-Wyckoff Avs,306,308,Queens Blvd Local/6 Av Local to Myrtle-Wyckoff Avs
Myrtle-Wyckoff Avs,Seneca Av,308,309,Queens Blvd Local/6 Av Local to Seneca Av
Seneca Av,Forest Av,309,311,Queens Blvd Local/6 Av Local to Forest Av
Forest Av,Fresh Pond Rd,311,313,Queens Blvd Local/6 Av Local to Fresh Pond Rd
Fresh Pond Rd,Middle Village-Metropolitan Av,313,315,Queens Blvd Local/6 Av Local to Middle Village-Metropolitan Av
Myrtle Av,Central Av,322,324,Queens Blvd Local/6 Av Local to Central Av
Central Av,Knickerbocker Av,324,326,Queens Blvd Local/6 Av Local to Knickerbocker Av
Knickerbocker Av,Myrtle-Wyckoff Avs,326,328,Queens Blvd Local/6 Av Local to Myrtle-Wyckoff Avs
Myrtle-Wyckoff Avs,Seneca Av,328,329,Queens Blvd Local/6 Av Local to Seneca Av
Seneca Av,Forest Av,329,331,Queens Blvd Local/6 Av Local to Forest Av
Forest Av,Fresh Pond Rd,331,333,Queens Blvd Local/6 Av Local to Fresh Pond Rd
Fresh Pond Rd,Middle Village-Metropolitan Av,333,335,Queens Blvd Local/6 Av Local to Middle Village-Metropolitan Av
Myrtle Av,Central Av,342,344,Queens Blvd Local/6 Av Local to Central Av
Central Av,Knickerbocker Av,344,346,Queens Blvd Local/6 Av Local to Knickerbocker Av
Knickerbocker Av,Myrtle-Wyckoff Avs,346,348,Queens Blvd Local/6 Av Local to Myrtle-Wyckoff Avs
Myrtle-Wyckoff Avs,Seneca Av,348,349,Queens Blvd Local/6 Av Local to Seneca Av
Seneca Av,Forest Av,349,351,Queens Blvd Local/6 Av Local to Forest Av
Forest Av,Fresh Pond Rd,351,353,Queens Blvd Local/6 Av Local to Fresh Pond Rd
Fresh Pond Rd,Middle Village-Metropolitan Av,353,355,Queens Blvd Local/6 Av Local to Middle Village-Metropolitan Av
Myrtle Av,Central Av,362,364,Queens Blvd Local/6 Av Local to Central Av
Central Av,Knickerbocker Av,364,366,Queens Blvd Local/6 Av Local to Knickerbocker Av
Knickerbocker Av,Myrtle-Wyckoff Avs,366,368,Queens Blvd Local/6 Av Local to Myrtle-Wyckoff Avs
Myrtle-Wyckoff Avs,Seneca Av,368,369,Queens Blvd Local/6 Av Local to Seneca Av
Seneca Av,Forest Av,369,371,Queens Blvd Local/6 Av Local to Forest Av
Forest Av,Fresh Pond Rd,371,373,Queens Blvd Local/6 Av Local to Fresh Pond Rd
Fresh Pond Rd,Middle Village-Metropolitan Av,373,375,Queens Blvd Local/6 Av Local to Middle Village-Metropolitan Av
Myrtle Av,Central Av,382,384,Queens Blvd Local/6 Av Local to Central Av
Central Av,Knickerbocker Av,384,386,Queens Blvd Local/6 Av Local to Knickerbocker Av
Knickerbocker Av,Myrtle-Wyckoff Avs,386,388,Queens Blvd Local/6 Av Local to Myrtle-Wyckoff Avs
Myrtle-Wyckoff Avs,Seneca Av,388,389,Queens Blvd Local/6 Av Local to Seneca Av
Seneca Av,Forest Av,389,391,Queens Blvd Local/6 Av Local to Forest Av
Forest Av,Fresh Pond Rd,391,393,Queens Blvd Local/6 Av Local to Fresh Pond Rd
Fresh Pond Rd,Middle Village-Metropolitan Av,393,395,Queens Blvd Local/6 Av Local to Middle Village-Metropolitan Av
Myrtle Av,Central Av,402,404,Queens Blvd Local/6 Av Local to Central Av
Central Av,Knickerbocker Av,404,406,Queens Blvd Local/6 Av Local to Knickerbocker Av
Knickerbocker Av,Myrtle-Wyckoff Avs,406,408,Queens Blvd Local/6 Av Local to Myrtle-Wyckoff Avs
Myrtle-Wyckoff Avs,Seneca Av,408,409,Queens Blvd Local/6 Av Local to Seneca Av
Seneca Av,Forest Av,409,411,Queens Blvd Local/6 Av Local to Forest Av
Forest Av,Fresh Pond Rd,411,413,Queens Blvd Local/6 Av Local to Fresh Pond Rd
Fresh Pond Rd,Middle Village-Metropolitan Av,413,415,Queens Blvd Local/6 Av Local to Middle Village-Metropolitan Av
Myrtle Av,Central Av,422,424,Queens Blvd Local/6 Av Local to Central Av
Central Av,Knickerbocker Av,424,426,Queens Blvd Local/6 Av Local to Knickerbocker Av
Knickerbocker Av,Myrtle-Wyckoff Avs,426,428,Queens Blvd Local/6 Av Local to Myrtle-Wyckoff Avs
Myrtle-Wyckoff Avs,Seneca Av,428,429,Queens Blvd Local/6 Av Local to Seneca Av
Seneca Av,Forest Av,429,431,Queens Blvd Local/6 Av Local to Forest Av
Forest Av,Fresh Pond Rd,431,433,Queens Blvd Local/6 Av Local to Fresh Pond Rd
Fresh Pond Rd,Middle Village-Metropolitan Av,433,435,Queens Blvd Local/6 Av Local to Middle Village-Metropolitan Av
Myrtle Av,Central Av,441,443,Queens Blvd Local/6 Av Local to Central Av
Central Av,Knickerbocker Av,443,445,Queens Blvd Local/6 Av Local to Knickerbocker Av
Knickerbocker Av,Myrtle-Wyckoff Avs,445,447,Queens Blvd Local/6 Av Local to Myrtle-Wyckoff Avs
Myrtle-Wyckoff Avs,Seneca Av,447,448,Queens Blvd Local/6 Av Local to Seneca Av
Seneca Av,Forest Av,448,450,Queens Blvd Local/6 Av Local to Forest Av
Forest Av,Fresh Pond Rd,450,452,Queens Blvd Local/6 Av Local to Fresh Pond Rd
Fresh Pond Rd,Middle Village-Metropolitan Av,452,454,Queens Blvd Local/6 Av Local to Middle Village-Metropolitan Av
Myrtle Av,Central Av,456,458,Queens Blvd Local/6 Av Local to Central Av
Central Av,Knickerbocker Av,458,460,Queens Blvd Local/6 Av Local to Knickerbocker Av
Knickerbocker Av,Myrtle-Wyckoff Avs,460,462,Queens Blvd Local/6 Av Local to Myrtle-Wyckoff Avs
Myrtle-Wyckoff Avs,Seneca Av,462,463,Queens Blvd Local/6 Av Local to Seneca Av
Seneca Av,Forest Av,463,465,Queens Blvd Local/6 Av Local to Forest Av
Forest Av,Fresh Pond Rd,465,467,Queens Blvd Local/6 Av Local to Fresh Pond Rd
Fresh Pond Rd,Middle Village-Metropolitan Av,467,469,Queens Blvd Local/6 Av Local to Middle Village-Metropolitan Av
Myrtle Av,Central Av,471,473,Queens Blvd Local/6 Av Local to Central Av
Central Av,Knickerbocker Av,473,475,Queens Blvd Local/6 Av Local to Knickerbocker Av
Knickerbocker Av,Myrtle-Wyckoff Avs,475,477,Queens Blvd Local/6 Av Local to Myrtle-Wyckoff Avs
Myrtle-Wyckoff Avs,Seneca Av,477,478,Queens Blvd Local/6 Av Local to Seneca Av
Seneca Av,Forest Av,478,480,Queens Blvd Local/6 Av Local to Forest Av
Forest Av,Fresh Pond Rd,480,482,Queens Blvd Local/6 Av Local to Fresh Pond Rd
Fresh Pond Rd,Middle Village-Metropolitan Av,482,484,Queens Blvd Local/6 Av Local to Middle Village-Metropolitan Av
Myrtle Av,Central Av,486,488,Queens Blvd Local/6 Av Local to Central Av
Central Av,Knickerbocker Av,488,490,Queens Blvd Local/6 Av Local to Knickerbocker Av
Knickerbocker Av,Myrtle-Wyckoff Avs,490,492,Queens Blvd Local/6 Av Local to Myrtle-Wyckoff Avs
Myrtle-Wyckoff Avs,Seneca Av,492,493,Queens Blvd Local/6 Av Local to Seneca Av
Seneca Av,Forest Av,493,495,Queens Blvd Local/6 Av Local to Forest Av
Forest Av,Fresh Pond Rd,495,497,Queens Blvd Local/6 Av Local to Fresh Pond Rd
Fresh Pond Rd,Middle Village-Metropolitan Av,497,499,Queens Blvd Local/6 Av Local to Middle Village-Metropolitan Av
Myrtle Av,Central Av,502,504,Queens Blvd Local/6 Av Local to Central Av
Central Av,Knickerbocker Av,504,506,Queens Blvd Local/6 Av Local to Knickerbocker Av
Knickerbocker Av,Myrtle-Wyckoff Avs,506,508,Queens Blvd Local/6 Av Local to Myrtle-Wyckoff Avs
Myrtle-Wyckoff Avs,Seneca Av,508,509,Queens Blvd Local/6 Av Local to Seneca Av
Seneca Av,Forest Av,509,511,Queens Blvd Local/6 Av Local to Forest Av
Forest Av,Fresh Pond Rd,511,513,Queens Blvd Local/6 Av Local to Fresh Pond Rd
Fresh Pond Rd,Middle Village-Metropolitan Av,513,515,Queens Blvd Local/6 Av Local to Middle Village-Metropolitan Av
Myrtle Av,Central Av,517,519,Queens Blvd Local/6 Av Local to Central Av
Central Av,Knickerbocker Av,519,521,Queens Blvd Local/6 Av Local to Knickerbocker Av
Knickerbocker Av,Myrtle-Wyckoff Avs,521,523,Queens Blvd Local/6 Av Local to Myrtle-Wyckoff Avs
Myrtle-Wyckoff Avs,Seneca Av,523,524,Queens Blvd Local/6 Av Local to Seneca Av
Seneca Av,Forest Av,524,526,Queens Blvd Local/6 Av Local to Forest Av
Forest Av,Fresh Pond Rd,526,528,Queens Blvd Local/6 Av Local to Fresh Pond Rd
Fresh Pond Rd,Middle Village-Metropolitan Av,528,530,Queens Blvd Local/6 Av Local to Middle Village-Metropolitan Av
Delancey St-Essex St,Marcy Av,521,528,Queens Blvd Local/6 Av Local to Marcy Av
Marcy Av,Hewes St,530,531,Queens Blvd Local/6 Av Local to Hewes St
Hewes St,Lorimer St,531,533,Queens Blvd Local/6 Av Local to Lorimer St
Lorimer St,Flushing Av,533,534,Queens Blvd Local/6 Av Local to Flushing Av
Flushing Av,Myrtle Av,534,535,Queens Blvd Local/6 Av Local to Myrtle Av
Myrtle Av,Central Av,535,538,Queens Blvd Local/6 Av Local to Central Av
Central Av,Knickerbocker Av,538,539,Queens Blvd Local/6 Av Local to Knickerbocker Av
Knickerbocker Av,Myrtle-Wyckoff Avs,539,541,Queens Blvd Local/6 Av Local to Myrtle-Wyckoff Avs
Myrtle-Wyckoff Avs,Seneca Av,541,543,Queens Blvd Local/6 Av Local to Seneca Av
Seneca Av,Forest Av,543,544,Queens Blvd Local/6 Av Local to Forest Av
Forest Av,Fresh Pond Rd,544,546,Queens Blvd Local/6 Av Local to Fresh Pond Rd
Fresh Pond Rd,Middle Village-Metropolitan Av,546,548,Queens Blvd Local/6 Av Local to Middle Village-Metropolitan Av
Delancey St-Essex St,Marcy Av,536,543,Queens Blvd Local/6 Av Local to Marcy Av
Marcy Av,Hewes St,545,546,Queens Blvd Local/6 Av Local to Hewes St
Hewes St,Lorimer St,546,548,Queens Blvd Local/6 Av Local to Lorimer St
Lorimer St,Flushing Av,548,549,Queens Blvd Local/6 Av Local to Flushing Av
Flushing Av,Myrtle Av,549,550,Queens Blvd Local/6 Av Local to Myrtle Av
Myrtle Av,Central Av,550,553,Queens Blvd Local/6 Av Local to Central Av
Central Av,Knickerbocker Av,553,554,Queens Blvd Local/6 Av Local to Knickerbocker Av
Knickerbocker Av,Myrtle-Wyckoff Avs,554,556,Queens Blvd Local/6 Av Local to Myrtle-Wyckoff Avs
Myrtle-Wyckoff Avs,Seneca Av,556,558,Queens Blvd Local/6 Av Local to Seneca Av
Seneca Av,Forest Av,558,559,Queens Blvd Local/6 Av Local to Forest Av
Forest Av,Fresh Pond Rd,559,561,Queens Blvd Local/6 Av Local to Fresh Pond Rd
Fresh Pond Rd,Middle Village-Metropolitan Av,561,563,Queens Blvd Local/6 Av Local to Middle Village-Metropolitan Av
Delancey St-Essex St,Marcy Av,551,558,Queens Blvd Local/6 Av Local to Marcy Av
Marcy Av,Hewes St,560,561,Queens Blvd Local/6 Av Local to Hewes St
Hewes St,Lorimer St,561,563,Queens Blvd Local/6 Av Local to Lorimer St
Lorimer St,Flushing Av,563,564,Queens Blvd Local/6 Av Local to Flushing Av
Flushing Av,Myrtle Av,564,565,Queens Blvd Local/6 Av Local to Myrtle Av
Myrtle Av,Central Av,565,568,Queens Blvd Local/6 Av Local to Central Av
Central Av,Knickerbocker Av,568,569,Queens Blvd Local/6 Av Local to Knickerbocker Av
Knickerbocker Av,Myrtle-Wyckoff Avs,569,571,Queens Blvd Local/6 Av Local to Myrtle-Wyckoff Avs
Myrtle-Wyckoff Avs,Seneca Av,571,573,Queens Blvd Local/6 Av Local to Seneca Av
Seneca Av,Forest Av,573,574,Queens Blvd Local/6 Av Local to Forest Av
Forest Av,Fresh Pond Rd,574,576,Queens Blvd Local/6 Av Local to Fresh Pond Rd
Fresh Pond Rd,Middle Village-Metropolitan Av,576,578,Queens Blvd Local/6 Av Local to Middle Village-Metropolitan Av
Delancey St-Essex St,Marcy Av,566,573,Queens Blvd Local/6 Av Local to Marcy Av
Marcy Av,Hewes St,575,576,Queens Blvd Local/6 Av Local to Hewes St
Hewes St,Lorimer St,576,578,Queens Blvd Local/6 Av Local to Lorimer St
Lorimer St,Flushing Av,578,579,Queens Blvd Local/6 Av Local to Flushing Av
Flushing Av,Myrtle Av,579,580,Queens Blvd Local/6 Av Local to Myrtle Av
Myrtle Av,Central Av,580,583,Queens Blvd Local/6 Av Local to Central Av
Central Av,Knickerbocker Av,583,584,Queens Blvd Local/6 Av Local to Knickerbocker Av
Knickerbocker Av,Myrtle-Wyckoff Avs,584,586,Queens Blvd Local/6 Av Local to Myrtle-Wyckoff Avs
Myrtle-Wyckoff Avs,Seneca Av,586,588,Queens Blvd Local/6 Av Local to Seneca Av
Seneca Av,Forest Av,588,589,Queens Blvd Local/6 Av Local to Forest Av
Forest Av,Fresh Pond Rd,589,591,Queens Blvd Local/6 Av Local to Fresh Pond Rd
Fresh Pond Rd,Middle Village-Metropolitan Av,591,593,Queens Blvd Local/6 Av Local to Middle Village-Metropolitan Av
Delancey St-Essex St,Marcy Av,581,588,Queens Blvd Local/6 Av Local to Marcy Av
Marcy Av,Hewes St,590,591,Queens Blvd Local/6 Av Local to Hewes St
Hewes St,Lorimer St,591,593,Queens Blvd Local/6 Av Local to Lorimer St
Lorimer St,Flushing Av,593,594,Queens Blvd Local/6 Av Local to Flushing Av
Flushing Av,Myrtle Av,594,595,Queens Blvd Local/6 Av Local to Myrtle Av
Myrtle Av,Central Av,595,598,Queens Blvd Local/6 Av Local to Central Av
Central Av,Knickerbocker Av,598,599,Queens Blvd Local/6 Av Local to Knickerbocker Av
Knickerbocker Av,Myrtle-Wyckoff Avs,599,601,Queens Blvd Local/6 Av Local to Myrtle-Wyckoff Avs
Myrtle-Wyckoff Avs,Seneca Av,601,603,Queens Blvd Local/6 Av Local to Seneca Av
Seneca Av,Forest Av,603,604,Queens Blvd Local/6 Av Local to Forest Av
Forest Av,Fresh Pond Rd,604,606,Queens Blvd Local/6 Av Local to Fresh Pond Rd
Fresh Pond Rd,Middle Village-Metropolitan Av,606,608,Queens Blvd Local/6 Av Local to Middle Village-Metropolitan Av
Delancey St-Essex St,Marcy Av,595,603,Queens Blvd Local/6 Av Local to Marcy Av
Marcy Av,Hewes St,605,606,Queens Blvd Local/6 Av Local to Hewes St
Hewes St,Lorimer St,606,607,Queens Blvd Local/6 Av Local to Lorimer St
Lorimer St,Flushing Av,607,609,Queens Blvd Local/6 Av Local to Flushing Av
Flushing Av,Myrtle Av,609,610,Queens Blvd Local/6 Av Local to Myrtle Av
Myrtle Av,Central Av,610,612,Queens Blvd Local/6 Av Local to Central Av
Central Av,Knickerbocker Av,612,614,Queens Blvd Local/6 Av Local to Knickerbocker Av
Knickerbocker Av,Myrtle-Wyckoff Avs,614,616,Queens Blvd Local/6 Av Local to Myrtle-Wyckoff Avs
Myrtle-Wyckoff Avs,Seneca Av,616,617,Queens Blvd Local/6 Av Local to Seneca Av
Seneca Av,Forest Av,617,619,Queens Blvd Local/6 Av Local to Forest Av
Forest Av,Fresh Pond Rd,619,621,Queens Blvd Local/6 Av Local to Fresh Pond Rd
Fresh Pond Rd,Middle Village-Metropolitan Av,621,623,Queens Blvd Local/6 Av Local to Middle Village-Metropolitan Av
Delancey St-Essex St,Marcy Av,610,618,Queens Blvd Local/6 Av Local to Marcy Av
Marcy Av,Hewes St,620,621,Queens Blvd Local/6 Av Local to Hewes St
Hewes St,Lorimer St,621,622,Queens Blvd Local/6 Av Local to Lorimer St
Lorimer St,Flushing Av,622,624,Queens Blvd Local/6 Av Local to Flushing Av
Flushing Av,Myrtle Av,624,625,Queens Blvd Local/6 Av Local to Myrtle Av
Myrtle Av,Central Av,625,627,Queens Blvd Local/6 Av Local to Central Av
Central Av,Knickerbocker Av,627,629,Queens Blvd Local/6 Av Local to Knickerbocker Av
Knickerbocker Av,Myrtle-Wyckoff Avs,629,631,Queens Blvd Local/6 Av Local to Myrtle-Wyckoff Avs
Myrtle-Wyckoff Avs,Seneca Av,631,632,Queens Blvd Local/6 Av Local to Seneca Av
Seneca Av,Forest Av,632,634,Queens Blvd Local/6 Av Local to Forest Av
Forest Av,Fresh Pond Rd,634,636,Queens Blvd Local/6 Av Local to Fresh Pond Rd
Fresh Pond Rd,Middle Village-Metropolitan Av,636,638,Queens Blvd Local/6 Av Local to Middle Village-Metropolitan Av
Delancey St-Essex St,Marcy Av,624,632,Queens Blvd Local/6 Av Local to Marcy Av
Marcy Av,Hewes St,634,635,Queens Blvd Local/6 Av Local to Hewes St
Hewes St,Lorimer St,635,636,Queens Blvd Local/6 Av Local to Lorimer St
Lorimer St,Flushing Av,636,638,Queens Blvd Local/6 Av Local to Flushing Av
Flushing Av,Myrtle Av,638,639,Queens Blvd Local/6 Av Local to Myrtle Av
Myrtle Av,Central Av,639,641,Queens Blvd Local/6 Av Local to Central Av
Central Av,Knickerbocker Av,641,643,Queens Blvd Local/6 Av Local to Knickerbocker Av
Knickerbocker Av,Myrtle-Wyckoff Avs,643,645,Queens Blvd Local/6 Av Local to Myrtle-Wyckoff Avs
Myrtle-Wyckoff Avs,Seneca Av,645,646,Queens Blvd Local/6 Av Local to Seneca Av
Seneca Av,Forest Av,646,648,Queens Blvd Local/6 Av Local to Forest Av
Forest Av,Fresh Pond Rd,648,650,Queens Blvd Local/6 Av Local to Fresh Pond Rd
Fresh Pond Rd,Middle Village-Metropolitan Av,650,652,Queens Blvd Local/6 Av Local to Middle Village-Metropolitan Av
Delancey St-Essex St,Marcy Av,634,641,Queens Blvd Local/6 Av Local to Marcy Av
Marcy Av,Hewes St,643,644,Queens Blvd Local/6 Av Local to Hewes St
Hewes St,Lorimer St,644,646,Queens Blvd Local/6 Av Local to Lorimer St
Lorimer St,Flushing Av,646,647,Queens Blvd Local/6 Av Local to Flushing Av
Flushing Av,Myrtle Av,647,648,Queens Blvd Local/6 Av Local to Myrtle Av
Myrtle Av,Central Av,648,651,Queens Blvd Local/6 Av Local to Central Av
Central Av,Knickerbocker Av,651,652,Queens Blvd Local/6 Av Local to Knickerbocker Av
Knickerbocker Av,Myrtle-Wyckoff Avs,652,654,Queens Blvd Local/6 Av Local to Myrtle-Wyckoff Avs
Myrtle-Wyckoff Avs,Seneca Av,654,656,Queens Blvd Local/6 Av Local to Seneca Av
Seneca Av,Forest Av,656,657,Queens Blvd Local/6 Av Local to Forest Av
Forest Av,Fresh Pond Rd,657,659,Queens Blvd Local/6 Av Local to Fresh Pond Rd
Fresh Pond Rd,Middle Village-Metropolitan Av,659,661,Queens Blvd Local/6 Av Local to Middle Village-Metropolitan Av
Delancey St-Essex St,Marcy Av,646,654,Queens Blvd Local/6 Av Local to Marcy Av
Marcy Av,Hewes St,656,657,Queens Blvd Local/6 Av Local to Hewes St
Hewes St,Lorimer St,657,658,Queens Blvd Local/6 Av Local to Lorimer St
Lorimer St,Flushing Av,658,660,Queens Blvd Local/6 Av Local to Flushing Av
Flushing Av,Myrtle Av,660,661,Queens Blvd Local/6 Av Local to Myrtle Av
Myrtle Av,Central Av,661,663,Queens Blvd Local/6 Av Local to Central Av
Central Av,Knickerbocker Av,663,665,Queens Blvd Local/6 Av Local to Knickerbocker Av
Knickerbocker Av,Myrtle-Wyckoff Avs,665,667,Queens Blvd Local/6 Av Local to Myrtle-Wyckoff Avs
Myrtle-Wyckoff Avs,Seneca Av,667,668,Queens Blvd Local/6 Av Local to Seneca Av
Seneca Av,Forest Av,668,670,Queens Blvd Local/6 Av Local to Forest Av
Forest Av,Fresh Pond Rd,670,672,Queens Blvd Local/6 Av Local to Fresh Pond Rd
Fresh Pond Rd,Middle Village-Metropolitan Av,672,674,Queens Blvd Local/6 Av Local to Middle Village-Metropolitan Av
Delancey St-Essex St,Marcy Av,658,666,Queens Blvd Local/6 Av Local to Marcy Av
Marcy Av,Hewes St,668,669,Queens Blvd Local/6 Av Local to Hewes St
Hewes St,Lorimer St,669,670,Queens Blvd Local/6 Av Local to Lorimer St
Lorimer St,Flushing Av,670,672,Queens Blvd Local/6 Av Local to Flushing Av
Flushing Av,Myrtle Av,672,673,Queens Blvd Local/6 Av Local to Myrtle Av
Myrtle Av,Central Av,673,675,Queens Blvd Local/6 Av Local to Central Av
Central Av,Knickerbocker Av,675,677,Queens Blvd Local/6 Av Local to Knickerbocker Av
Knickerbocker Av,Myrtle-Wyckoff Avs,677,679,Queens Blvd Local/6 Av Local to Myrtle-Wyckoff Avs
Myrtle-Wyckoff Avs,Seneca Av,679,680,Queens Blvd Local/6 Av Local to Seneca Av
Seneca Av,Forest Av,680,682,Queens Blvd Local/6 Av Local to Forest Av
Forest Av,Fresh Pond Rd,682,684,Queens Blvd Local/6 Av Local to Fresh Pond Rd
Fresh Pond Rd,Middle Village-Metropolitan Av,684,686,Queens Blvd Local/6 Av Local to Middle Village-Metropolitan Av
Delancey St-Essex St,Marcy Av,670,678,Queens Blvd Local/6 Av Local to Marcy Av
Marcy Av,Hewes St,680,681,Queens Blvd Local/6 Av Local to Hewes St
Hewes St,Lorimer St,681,682,Queens Blvd Local/6 Av Local to Lorimer St
Lorimer St,Flushing Av,682,684,Queens Blvd Local/6 Av Local to Flushing Av
Flushing Av,Myrtle Av,684,685,Queens Blvd Local/6 Av Local to Myrtle Av
Myrtle Av,Central Av,685,687,Queens Blvd Local/6 Av Local to Central Av
Central Av,Knickerbocker Av,687,689,Queens Blvd Local/6 Av Local to Knickerbocker Av
Knickerbocker Av,Myrtle-Wyckoff Avs,689,691,Queens Blvd Local/6 Av Local to Myrtle-Wyckoff Avs
Myrtle-Wyckoff Avs,Seneca Av,691,692,Queens Blvd Local/6 Av Local to Seneca Av
Seneca Av,Forest Av,692,694,Queens Blvd Local/6 Av Local to Forest Av
Forest Av,Fresh Pond Rd,694,696,Queens Blvd Local/6 Av Local to Fresh Pond Rd
Fresh Pond Rd,Middle Village-Metropolitan Av,696,698,Queens Blvd Local/6 Av Local to Middle Village-Metropolitan Av
Delancey St-Essex St,Marcy Av,682,690,Queens Blvd Local/6 Av Local to Marcy Av
Marcy Av,Hewes St,692,693,Queens Blvd Local/6 Av Local to Hewes St
Hewes St,Lorimer St,693,694,Queens Blvd Local/6 Av Local to Lorimer St
Lorimer St,Flushing Av,694,696,Queens Blvd Local/6 Av Local to Flushing Av
Flushing Av,Myrtle Av,696,697,Queens Blvd Local/6 Av Local to Myrtle Av
Myrtle Av,Central Av,697,699,Queens Blvd Local/6 Av Local to Central Av
Central Av,Knickerbocker Av,699,701,Queens Blvd Local/6 Av Local to Knickerbocker Av
Knickerbocker Av,Myrtle-Wyckoff Avs,701,703,Queens Blvd Local/6 Av Local to Myrtle-Wyckoff Avs
Myrtle-Wyckoff Avs,Seneca Av,703,704,Queens Blvd Local/6 Av Local to Seneca Av
Seneca Av,Forest Av,704,706,Queens Blvd Local/6 Av Local to Forest Av
Forest Av,Fresh Pond Rd,706,708,Queens Blvd Local/6 Av Local to Fresh Pond Rd
Fresh Pond Rd,Middle Village-Metropolitan Av,708,710,Queens Blvd Local/6 Av Local to Middle Village-Metropolitan Av
Delancey St-Essex St,Marcy Av,694,702,Queens Blvd Local/6 Av Local to Marcy Av
Marcy Av,Hewes St,704,705,Queens Blvd Local/6 Av Local to Hewes St
Hewes St,Lorimer St,705,706,Queens Blvd Local/6 Av Local to Lorimer St
Lorimer St,Flushing Av,706,708,Queens Blvd Local/6 Av Local to Flushing Av
Flushing Av,Myrtle Av,708,709,Queens Blvd Local/6 Av Local to Myrtle Av
Myrtle Av,Central Av,709,711,Queens Blvd Local/6 Av Local to Central Av
Central Av,Knickerbocker Av,711,713,Queens Blvd Local/6 Av Local to Knickerbocker Av
Knickerbocker Av,Myrtle-Wyckoff Avs,713,715,Queens Blvd Local/6 Av Local to Myrtle-Wyckoff Avs
Myrtle-Wyckoff Avs,Seneca Av,715,716,Queens Blvd Local/6 Av Local to Seneca Av
Seneca Av,Forest Av,716,718,Queens Blvd Local/6 Av Local to Forest Av
Forest Av,Fresh Pond Rd,718,720,Queens Blvd Local/6 Av Local to Fresh Pond Rd
Fresh Pond Rd,Middle Village-Metropolitan Av,720,722,Queens Blvd Local/6 Av Local to Middle Village-Metropolitan Av
Delancey St-Essex St,Marcy Av,706,714,Queens Blvd Local/6 Av Local to Marcy Av
Marcy Av,Hewes St,716,717,Queens Blvd Local/6 Av Local to Hewes St
Hewes St,Lorimer St,717,718,Queens Blvd Local/6 Av Local to Lorimer St
Lorimer St,Flushing Av,718,720,Queens Blvd Local/6 Av Local to Flushing Av
Flushing Av,Myrtle Av,720,721,Queens Blvd Local/6 Av Local to Myrtle Av
Myrtle Av,Central Av,721,723,Queens Blvd Local/6 Av Local to Central Av
Central Av,Knickerbocker Av,723,725,Queens Blvd Local/6 Av Local to Knickerbocker Av
Knickerbocker Av,Myrtle-Wyckoff Avs,725,727,Queens Blvd Local/6 Av Local to Myrtle-Wyckoff Avs
Myrtle-Wyckoff Avs,Seneca Av,727,728,Queens Blvd Local/6 Av Local to Seneca Av
Seneca Av,Forest Av,728,730,Queens Blvd Local/6 Av Local to Forest Av
Forest Av,Fresh Pond Rd,730,732,Queens Blvd Local/6 Av Local to Fresh Pond Rd
Fresh Pond Rd,Middle Village-Metropolitan Av,732,734,Queens Blvd Local/6 Av Local to Middle Village-Metropolitan Av
Delancey St-Essex St,Marcy Av,718,726,Queens Blvd Local/6 Av Local to Marcy Av
Marcy Av,Hewes St,728,729,Queens Blvd Local/6 Av Local to Hewes St
Hewes St,Lorimer St,729,730,Queens Blvd Local/6 Av Local to Lorimer St
Lorimer St,Flushing Av,730,732,Queens Blvd Local/6 Av Local to Flushing Av
Flushing Av,Myrtle Av,732,733,Queens Blvd Local/6 Av Local to Myrtle Av
Myrtle Av,Central Av,733,735,Queens Blvd Local/6 Av Local to Central Av
Central Av,Knickerbocker Av,735,737,Queens Blvd Local/6 Av Local to Knickerbocker Av
Knickerbocker Av,Myrtle-Wyckoff Avs,737,739,Queens Blvd Local/6 Av Local to Myrtle-Wyckoff Avs
Myrtle-Wyckoff Avs,Seneca Av,739,740,Queens Blvd Local/6 Av Local to Seneca Av
Seneca Av,Forest Av,740,742,Queens Blvd Local/6 Av Local to Forest Av
Forest Av,Fresh Pond Rd,742,744,Queens Blvd Local/6 Av Local to Fresh Pond Rd
Fresh Pond Rd,Middle Village-Metropolitan Av,744,746,Queens Blvd Local/6 Av Local to Middle Village-Metropolitan Av
Delancey St-Essex St,Marcy Av,730,738,Queens Blvd Local/6 Av Local to Marcy Av
Marcy Av,Hewes St,740,741,Queens Blvd Local/6 Av Local to Hewes St
Hewes St,Lorimer St,741,742,Queens Blvd Local/6 Av Local to Lorimer St
Lorimer St,Flushing Av,742,744,Queens Blvd Local/6 Av Local to Flushing Av
Flushing Av,Myrtle Av,744,745,Queens Blvd Local/6 Av Local to Myrtle Av
Myrtle Av,Central Av,745,747,Queens Blvd Local/6 Av Local to Central Av
Central Av,Knickerbocker Av,747,749,Queens Blvd Local/6 Av Local to Knickerbocker Av
Knickerbocker Av,Myrtle-Wyckoff Avs,749,751,Queens Blvd Local/6 Av Local to Myrtle-Wyckoff Avs
Myrtle-Wyckoff Avs,Seneca Av,751,752,Queens Blvd Local/6 Av Local to Seneca Av
Seneca Av,Forest Av,752,754,Queens Blvd Local/6 Av Local to Forest Av
Forest Av,Fresh Pond Rd,754,756,Queens Blvd Local/6 Av Local to Fresh Pond Rd
Fresh Pond Rd,Middle Village-Metropolitan Av,756,758,Queens Blvd Local/6 Av Local to Middle Village-Metropolitan Av
Delancey St-Essex St,Marcy Av,742,750,Queens Blvd Local/6 Av Local to Marcy Av
Marcy Av,Hewes St,752,753,Queens Blvd Local/6 Av Local to Hewes St
Hewes St,Lorimer St,753,754,Queens Blvd Local/6 Av Local to Lorimer St
Lorimer St,Flushing Av,754,756,Queens Blvd Local/6 Av Local to Flushing Av
Flushing Av,Myrtle Av,756,757,Queens Blvd Local/6 Av Local to Myrtle Av
Myrtle Av,Central Av,757,759,Queens Blvd Local/6 Av Local to Central Av
Central Av,Knickerbocker Av,759,761,Queens Blvd Local/6 Av Local to Knickerbocker Av
Knickerbocker Av,Myrtle-Wyckoff Avs,761,763,Queens Blvd Local/6 Av Local to Myrtle-Wyckoff Avs
Myrtle-Wyckoff Avs,Seneca Av,763,764,Queens Blvd Local/6 Av Local to Seneca Av
Seneca Av,Forest Av,764,766,Queens Blvd Local/6 Av Local to Forest Av
Forest Av,Fresh Pond Rd,766,768,Queens Blvd Local/6 Av Local to Fresh Pond Rd
Fresh Pond Rd,Middle Village-Metropolitan Av,768,770,Queens Blvd Local/6 Av Local to Middle Village-Metropolitan Av
Delancey St-Essex St,Marcy Av,754,762,Queens Blvd Local/6 Av Local to Marcy Av
Marcy Av,Hewes St,764,765,Queens Blvd Local/6 Av Local to Hewes St
Hewes St,Lorimer St,765,766,Queens Blvd Local/6 Av Local to Lorimer St
Lorimer St,Flushing Av,766,768,Queens Blvd Local/6 Av Local to Flushing Av
Flushing Av,Myrtle Av,768,769,Queens Blvd Local/6 Av Local to Myrtle Av
Myrtle Av,Central Av,769,771,Queens Blvd Local/6 Av Local to Central Av
Central Av,Knickerbocker Av,771,773,Queens Blvd Local/6 Av Local to Knickerbocker Av
Knickerbocker Av,Myrtle-Wyckoff Avs,773,775,Queens Blvd Local/6 Av Local to Myrtle-Wyckoff Avs
Myrtle-Wyckoff Avs,Seneca Av,775,776,Queens Blvd Local/6 Av Local to Seneca Av
Seneca Av,Forest Av,776,778,Queens Blvd Local/6 Av Local to Forest Av
Forest Av,Fresh Pond Rd,778,780,Queens Blvd Local/6 Av Local to Fresh Pond Rd
Fresh Pond Rd,Middle Village-Metropolitan Av,780,782,Queens Blvd Local/6 Av Local to Middle Village-Metropolitan Av
Delancey St-Essex St,Marcy Av,766,774,Queens Blvd Local/6 Av Local to Marcy Av
Marcy Av,Hewes St,776,777,Queens Blvd Local/6 Av Local to Hewes St
Hewes St,Lorimer St,777,778,Queens Blvd Local/6 Av Local to Lorimer St
Lorimer St,Flushing Av,778,780,Queens Blvd Local/6 Av Local to Flushing Av
Flushing Av,Myrtle Av,780,781,Queens Blvd Local/6 Av Local to Myrtle Av
Myrtle Av,Central Av,781,783,Queens Blvd Local/6 Av Local to Central Av
Central Av,Knickerbocker Av,783,785,Queens Blvd Local/6 Av Local to Knickerbocker Av
Knickerbocker Av,Myrtle-Wyckoff Avs,785,787,Queens Blvd Local/6 Av Local to Myrtle-Wyckoff Avs
Myrtle-Wyckoff Avs,Seneca Av,787,788,Queens Blvd Local/6 Av Local to Seneca Av
Seneca Av,Forest Av,788,790,Queens Blvd Local/6 Av Local to Forest Av
Forest Av,Fresh Pond Rd,790,792,Queens Blvd Local/6 Av Local to Fresh Pond Rd
Fresh Pond Rd,Middle Village-Metropolitan Av,792,794,Queens Blvd Local/6 Av Local to Middle Village-Metropolitan Av
Delancey St-Essex St,Marcy Av,778,786,Queens Blvd Local/6 Av Local to Marcy Av
Marcy Av,Hewes St,788,789,Queens Blvd Local/6 Av Local to Hewes St
Hewes St,Lorimer St,789,790,Queens Blvd Local/6 Av Local to Lorimer St
Lorimer St,Flushing Av,790,792,Queens Blvd Local/6 Av Local to Flushing Av
Flushing Av,Myrtle Av,792,793,Queens Blvd Local/6 Av Local to Myrtle Av
Myrtle Av,Central Av,793,795,Queens Blvd Local/6 Av Local to Central Av
Central Av,Knickerbocker Av,795,797,Queens Blvd Local/6 Av Local to Knickerbocker Av
Knickerbocker Av,Myrtle-Wyckoff Avs,797,799,Queens Blvd Local/6 Av Local to Myrtle-Wyckoff Avs
Myrtle-Wyckoff Avs,Seneca Av,799,800,Queens Blvd Local/6 Av Local to Seneca Av
Seneca Av,Forest Av,800,802,Queens Blvd Local/6 Av Local to Forest Av
Forest Av,Fresh Pond Rd,802,804,Queens Blvd Local/6 Av Local to Fresh Pond Rd
Fresh Pond Rd,Middle Village-Metropolitan Av,804,806,Queens Blvd Local/6 Av Local to Middle Village-Metropolitan Av
Delancey St-Essex St,Marcy Av,790,798,Queens Blvd Local/6 Av Local to Marcy Av
Marcy Av,Hewes St,800,801,Queens Blvd Local/6 Av Local to Hewes St
Hewes St,Lorimer St,801,802,Queens Blvd Local/6 Av Local to Lorimer St
Lorimer St,Flushing Av,802,804,Queens Blvd Local/6 Av Local to Flushing Av
Flushing Av,Myrtle Av,804,805,Queens Blvd Local/6 Av Local to Myrtle Av
Myrtle Av,Central Av,805,807,Queens Blvd Local/6 Av Local to Central Av
Central Av,Knickerbocker Av,807,809,Queens Blvd Local/6 Av Local to Knickerbocker Av
Knickerbocker Av,Myrtle-Wyckoff Avs,809,811,Queens Blvd Local/6 Av Local to Myrtle-Wyckoff Avs
Myrtle-Wyckoff Avs,Seneca Av,811,812,Queens Blvd Local/6 Av Local to Seneca Av
Seneca Av,Forest Av,812,814,Queens Blvd Local/6 Av Local to Forest Av
Forest Av,Fresh Pond Rd,814,816,Queens Blvd Local/6 Av Local to Fresh Pond Rd
Fresh Pond Rd,Middle Village-Metropolitan Av,816,818,Queens Blvd Local/6 Av Local to Middle Village-Metropolitan Av
Delancey St-Essex St,Marcy Av,802,810,Queens Blvd Local/6 Av Local to Marcy Av
Marcy Av,Hewes St,812,813,Queens Blvd Local/6 Av Local to Hewes St
Hewes St,Lorimer St,813,814,Queens Blvd Local/6 Av Local to Lorimer St
Lorimer St,Flushing Av,814,816,Queens Blvd Local/6 Av Local to Flushing Av
Flushing Av,Myrtle Av,816,817,Queens Blvd Local/6 Av Local to Myrtle Av
Myrtle Av,Central Av,817,819,Queens Blvd Local/6 Av Local to Central Av
Central Av,Knickerbocker Av,819,821,Queens Blvd Local/6 Av Local to Knickerbocker Av
Knickerbocker Av,Myrtle-Wyckoff Avs,821,823,Queens Blvd Local/6 Av Local to Myrtle-Wyckoff Avs
Myrtle-Wyckoff Avs,Seneca Av,823,824,Queens Blvd Local/6 Av Local to Seneca Av
Seneca Av,Forest Av,824,826,Queens Blvd Local/6 Av Local to Forest Av
Forest Av,Fresh Pond Rd,826,828,Queens Blvd Local/6 Av Local to Fresh Pond Rd
Fresh Pond Rd,Middle Village-Metropolitan Av,828,830,Queens Blvd Local/6 Av Local to Middle Village-Metropolitan Av
Delancey St-Essex St,Marcy Av,814,822,Queens Blvd Local/6 Av Local to Marcy Av
Marcy Av,Hewes St,824,825,Queens Blvd Local/6 Av Local to Hewes St
Hewes St,Lorimer St,825,826,Queens Blvd Local/6 Av Local to Lorimer St
Lorimer St,Flushing Av,826,828,Queens Blvd Local/6 Av Local to Flushing Av
Flushing Av,Myrtle Av,828,829,Queens Blvd Local/6 Av Local to Myrtle Av
Myrtle Av,Central Av,829,831,Queens Blvd Local/6 Av Local to Central Av
Central Av,Knickerbocker Av,831,833,Queens Blvd Local/6 Av Local to Knickerbocker Av
Knickerbocker Av,Myrtle-Wyckoff Avs,833,835,Queens Blvd Local/6 Av Local to Myrtle-Wyckoff Avs
Myrtle-Wyckoff Avs,Seneca Av,835,836,Queens Blvd Local/6 Av Local to Seneca Av
Seneca Av,Forest Av,836,838,Queens Blvd Local/6 Av Local to Forest Av
Forest Av,Fresh Pond Rd,838,840,Queens Blvd Local/6 Av Local to Fresh Pond Rd
Fresh Pond Rd,Middle Village-Metropolitan Av,840,842,Queens Blvd Local/6 Av Local to Middle Village-Metropolitan Av
Delancey St-Essex St,Marcy Av,826,834,Queens Blvd Local/6 Av Local to Marcy Av
Marcy Av,Hewes St,836,837,Queens Blvd Local/6 Av Local to Hewes St
Hewes St,Lorimer St,837,838,Queens Blvd Local/6 Av Local to Lorimer St
Lorimer St,Flushing Av,838,840,Queens Blvd Local/6 Av Local to Flushing Av
Flushing Av,Myrtle Av,840,841,Queens Blvd Local/6 Av Local to Myrtle Av
Myrtle Av,Central Av,841,843,Queens Blvd Local/6 Av Local to Central Av
Central Av,Knickerbocker Av,843,845,Queens Blvd Local/6 Av Local to Knickerbocker Av
Knickerbocker Av,Myrtle-Wyckoff Avs,845,847,Queens Blvd Local/6 Av Local to Myrtle-Wyckoff Avs
Myrtle-Wyckoff Avs,Seneca Av,847,848,Queens Blvd Local/6 Av Local to Seneca Av
Seneca Av,Forest Av,848,850,Queens Blvd Local/6 Av Local to Forest Av
Forest Av,Fresh Pond Rd,850,852,Queens Blvd Local/6 Av Local to Fresh Pond Rd
Fresh Pond Rd,Middle Village-Metropolitan Av,852,854,Queens Blvd Local/6 Av Local to Middle Village-Metropolitan Av
Delancey St-Essex St,Marcy Av,838,846,Queens Blvd Local/6 Av Local to Marcy Av
Marcy Av,Hewes St,848,849,Queens Blvd Local/6 Av Local to Hewes St
Hewes St,Lorimer St,849,850,Queens Blvd Local/6 Av Local to Lorimer St
Lorimer St,Flushing Av,850,852,Queens Blvd Local/6 Av Local to Flushing Av
Flushing Av,Myrtle Av,852,853,Queens Blvd Local/6 Av Local to Myrtle Av
Myrtle Av,Central Av,853,855,Queens Blvd Local/6 Av Local to Central Av
Central Av,Knickerbocker Av,855,857,Queens Blvd Local/6 Av Local to Knickerbocker Av
Knickerbocker Av,Myrtle-Wyckoff Avs,857,859,Queens Blvd Local/6 Av Local to Myrtle-Wyckoff Avs
Myrtle-Wyckoff Avs,Seneca Av,859,860,Queens Blvd Local/6 Av Local to Seneca Av
Seneca Av,Forest Av,860,862,Queens Blvd Local/6 Av Local to Forest Av
Forest Av,Fresh Pond Rd,862,864,Queens Blvd Local/6 Av Local to Fresh Pond Rd
Fresh Pond Rd,Middle Village-Metropolitan Av,864,866,Queens Blvd Local/6 Av Local to Middle Village-Metropolitan Av
Delancey St-Essex St,Marcy Av,850,858,Queens Blvd Local/6 Av Local to Marcy Av
Marcy Av,Hewes St,860,861,Queens Blvd Local/6 Av Local to Hewes St
Hewes St,Lorimer St,861,862,Queens Blvd Local/6 Av Local to Lorimer St
Lorimer St,Flushing Av,862,864,Queens Blvd Local/6 Av Local to Flushing Av
Flushing Av,Myrtle Av,864,865,Queens Blvd Local/6 Av Local to Myrtle Av
Myrtle Av,Central Av,865,867,Queens Blvd Local/6 Av Local to Central Av
Central Av,Knickerbocker Av,867,869,Queens Blvd Local/6 Av Local to Knickerbocker Av
Knickerbocker Av,Myrtle-Wyckoff Avs,869,871,Queens Blvd Local/6 Av Local to Myrtle-Wyckoff Avs
Myrtle-Wyckoff Avs,Seneca Av,871,872,Queens Blvd Local/6 Av Local to Seneca Av
Seneca Av,Forest Av,872,874,Queens Blvd Local/6 Av Local to Forest Av
Forest Av,Fresh Pond Rd,874,876,Queens Blvd Local/6 Av Local to Fresh Pond Rd
Fresh Pond Rd,Middle Village-Metropolitan Av,876,878,Queens Blvd Local/6 Av Local to Middle Village-Metropolitan Av
Delancey St-Essex St,Marcy Av,862,870,Queens Blvd Local/6 Av Local to Marcy Av
Marcy Av,Hewes St,872,873,Queens Blvd Local/6 Av Local to Hewes St
Hewes St,Lorimer St,873,874,Queens Blvd Local/6 Av Local to Lorimer St
Lorimer St,Flushing Av,874,876,Queens Blvd Local/6 Av Local to Flushing Av
Flushing Av,Myrtle Av,876,877,Queens Blvd Local/6 Av Local to Myrtle Av
Myrtle Av,Central Av,877,879,Queens Blvd Local/6 Av Local to Central Av
Central Av,Knickerbocker Av,879,881,Queens Blvd Local/6 Av Local to Knickerbocker Av
Knickerbocker Av,Myrtle-Wyckoff Avs,881,883,Queens Blvd Local/6 Av Local to Myrtle-Wyckoff Avs
Myrtle-Wyckoff Avs,Seneca Av,883,884,Queens Blvd Local/6 Av Local to Seneca Av
Seneca Av,Forest Av,884,886,Queens Blvd Local/6 Av Local to Forest Av
Forest Av,Fresh Pond Rd,886,888,Queens Blvd Local/6 Av Local to Fresh Pond Rd
Fresh Pond Rd,Middle Village-Metropolitan Av,888,890,Queens Blvd Local/6 Av Local to Middle Village-Metropolitan Av
Delancey St-Essex St,Marcy Av,874,882,Queens Blvd Local/6 Av Local to Marcy Av
Marcy Av,Hewes St,884,885,Queens Blvd Local/6 Av Local to Hewes St
Hewes St,Lorimer St,885,886,Queens Blvd Local/6 Av Local to Lorimer St
Lorimer St,Flushing Av,886,888,Queens Blvd Local/6 Av Local to Flushing Av
Flushing Av,Myrtle Av,888,889,Queens Blvd Local/6 Av Local to Myrtle Av
Myrtle Av,Central Av,889,891,Queens Blvd Local/6 Av Local to Central Av
Central Av,Knickerbocker Av,891,893,Queens Blvd Local/6 Av Local to Knickerbocker Av
Knickerbocker Av,Myrtle-Wyckoff Avs,893,895,Queens Blvd Local/6 Av Local to Myrtle-Wyckoff Avs
Myrtle-Wyckoff Avs,Seneca Av,895,896,Queens Blvd Local/6 Av Local to Seneca Av
Seneca Av,Forest Av,896,898,Queens Blvd Local/6 Av Local to Forest Av
Forest Av,Fresh Pond Rd,898,900,Queens Blvd Local/6 Av Local to Fresh Pond Rd
Fresh Pond Rd,Middle Village-Metropolitan Av,900,902,Queens Blvd Local/6 Av Local to Middle Village-Metropolitan Av
Delancey St-Essex St,Marcy Av,886,894,Queens Blvd Local/6 Av Local to Marcy Av
Marcy Av,Hewes St,896,897,Queens Blvd Local/6 Av Local to Hewes St
Hewes St,Lorimer St,897,898,Queens Blvd Local/6 Av Local to Lorimer St
Lorimer St,Flushing Av,898,900,Queens Blvd Local/6 Av Local to Flushing Av
Flushing Av,Myrtle Av,900,901,Queens Blvd Local/6 Av Local to Myrtle Av
Myrtle Av,Central Av,901,903,Queens Blvd Local/6 Av Local to Central Av
Central Av,Knickerbocker Av,903,905,Queens Blvd Local/6 Av Local to Knickerbocker Av
Knickerbocker Av,Myrtle-Wyckoff Avs,905,907,Queens Blvd Local/6 Av Local to Myrtle-Wyckoff Avs
Myrtle-Wyckoff Avs,Seneca Av,907,908,Queens Blvd Local/6 Av Local to Seneca Av
Seneca Av,Forest Av,908,910,Queens Blvd Local/6 Av Local to Forest Av
Forest Av,Fresh Pond Rd,910,912,Queens Blvd Local/6 Av Local to Fresh Pond Rd
Fresh Pond Rd,Middle Village-Metropolitan Av,912,914,Queens Blvd Local/6 Av Local to Middle Village-Metropolitan Av
Delancey St-Essex St,Marcy Av,898,906,Queens Blvd Local/6 Av Local to Marcy Av
Marcy Av,Hewes St,908,909,Queens Blvd Local/6 Av Local to Hewes St
Hewes St,Lorimer St,909,910,Queens Blvd Local/6 Av Local to Lorimer St
Lorimer St,Flushing Av,910,912,Queens Blvd Local/6 Av Local to Flushing Av
Flushing Av,Myrtle Av,912,913,Queens Blvd Local/6 Av Local to Myrtle Av
Myrtle Av,Central Av,913,915,Queens Blvd Local/6 Av Local to Central Av
Central Av,Knickerbocker Av,915,917,Queens Blvd Local/6 Av Local to Knickerbocker Av
Knickerbocker Av,Myrtle-Wyckoff Avs,917,919,Queens Blvd Local/6 Av Local to Myrtle-Wyckoff Avs
Myrtle-Wyckoff Avs,Seneca Av,919,920,Queens Blvd Local/6 Av Local to Seneca Av
Seneca Av,Forest Av,920,922,Queens Blvd Local/6 Av Local to Forest Av
Forest Av,Fresh Pond Rd,922,924,Queens Blvd Local/6 Av Local to Fresh Pond Rd
Fresh Pond Rd,Middle Village-Metropolitan Av,924,926,Queens Blvd Local/6 Av Local to Middle Village-Metropolitan Av
Delancey St-Essex St,Marcy Av,910,918,Queens Blvd Local/6 Av Local to Marcy Av
Marcy Av,Hewes St,920,921,Queens Blvd Local/6 Av Local to Hewes St
Hewes St,Lorimer St,921,922,Queens Blvd Local/6 Av Local to Lorimer St
Lorimer St,Flushing Av,922,924,Queens Blvd Local/6 Av Local to Flushing Av
Flushing Av,Myrtle Av,924,925,Queens Blvd Local/6 Av Local to Myrtle Av
Myrtle Av,Central Av,925,927,Queens Blvd Local/6 Av Local to Central Av
Central Av,Knickerbocker Av,927,929,Queens Blvd Local/6 Av Local to Knickerbocker Av
Knickerbocker Av,Myrtle-Wyckoff Avs,929,931,Queens Blvd Local/6 Av Local to Myrtle-Wyckoff Avs
Myrtle-Wyckoff Avs,Seneca Av,931,932,Queens Blvd Local/6 Av Local to Seneca Av
Seneca Av,Forest Av,932,934,Queens Blvd Local/6 Av Local to Forest Av
Forest Av,Fresh Pond Rd,934,936,Queens Blvd Local/6 Av Local to Fresh Pond Rd
Fresh Pond Rd,Middle Village-Metropolitan Av,936,938,Queens Blvd Local/6 Av Local to Middle Village-Metropolitan Av
Delancey St-Essex St,Marcy Av,922,930,Queens Blvd Local/6 Av Local to Marcy Av
Marcy Av,Hewes St,932,933,Queens Blvd Local/6 Av Local to Hewes St
Hewes St,Lorimer St,933,934,Queens Blvd Local/6 Av Local to Lorimer St
Lorimer St,Flushing Av,934,936,Queens Blvd Local/6 Av Local to Flushing Av
Flushing Av,Myrtle Av,936,937,Queens Blvd Local/6 Av Local to Myrtle Av
Myrtle Av,Central Av,937,939,Queens Blvd Local/6 Av Local to Central Av
Central Av,Knickerbocker Av,939,941,Queens Blvd Local/6 Av Local to Knickerbocker Av
Knickerbocker Av,Myrtle-Wyckoff Avs,941,943,Queens Blvd Local/6 Av Local to Myrtle-Wyckoff Avs
Myrtle-Wyckoff Avs,Seneca Av,943,944,Queens Blvd Local/6 Av Local to Seneca Av
Seneca Av,Forest Av,944,946,Queens Blvd Local/6 Av Local to Forest Av
Forest Av,Fresh Pond Rd,946,948,Queens Blvd Local/6 Av Local to Fresh Pond Rd
Fresh Pond Rd,Middle Village-Metropolitan Av,948,950,Queens Blvd Local/6 Av Local to Middle Village-Metropolitan Av
Delancey St-Essex St,Marcy Av,934,942,Queens Blvd Local/6 Av Local to Marcy Av
Marcy Av,Hewes St,944,945,Queens Blvd Local/6 Av Local to Hewes St
Hewes St,Lorimer St,945,946,Queens Blvd Local/6 Av Local to Lorimer St
Lorimer St,Flushing Av,946,948,Queens Blvd Local/6 Av Local to Flushing Av
Flushing Av,Myrtle Av,948,949,Queens Blvd Local/6 Av Local to Myrtle Av
Myrtle Av,Central Av,951,954,Queens Blvd Local/6 Av Local to Central Av
Central Av,Knickerbocker Av,954,955,Queens Blvd Local/6 Av Local to Knickerbocker Av
Knickerbocker Av,Myrtle-Wyckoff Avs,955,957,Queens Blvd Local/6 Av Local to Myrtle-Wyckoff Avs
Myrtle-Wyckoff Avs,Seneca Av,957,959,Queens Blvd Local/6 Av Local to Seneca Av
Seneca Av,Forest Av,959,960,Queens Blvd Local/6 Av Local to Forest Av
Forest Av,Fresh Pond Rd,960,962,Queens Blvd Local/6 Av Local to Fresh Pond Rd
Fresh Pond Rd,Middle Village-Metropolitan Av,962,964,Queens Blvd Local/6 Av Local to Middle Village-Metropolitan Av
Delancey St-Essex St,Marcy Av,946,954,Queens Blvd Local/6 Av Local to Marcy Av
Marcy Av,Hewes St,956,957,Queens Blvd Local/6 Av Local to Hewes St
Hewes St,Lorimer St,957,958,Queens Blvd Local/6 Av Local to Lorimer St
Lorimer St,Flushing Av,958,960,Queens Blvd Local/6 Av Local to Flushing Av
Flushing Av,Myrtle Av,960,961,Queens Blvd Local/6 Av Local to Myrtle Av
Myrtle Av,Central Av,961,963,Queens Blvd Local/6 Av Local to Central Av
Central Av,Knickerbocker Av,963,965,Queens Blvd Local/6 Av Local to Knickerbocker Av
Knickerbocker Av,Myrtle-Wyckoff Avs,965,967,Queens Blvd Local/6 Av Local to Myrtle-Wyckoff Avs
Myrtle-Wyckoff Avs,Seneca Av,967,968,Queens Blvd Local/6 Av Local to Seneca Av
Seneca Av,Forest Av,968,970,Queens Blvd Local/6 Av Local to Forest Av
Forest Av,Fresh Pond Rd,970,972,Queens Blvd Local/6 Av Local to Fresh Pond Rd
Fresh Pond Rd,Middle Village-Metropolitan Av,972,974,Queens Blvd Local/6 Av Local to Middle Village-Metropolitan Av
Delancey St-Essex St,Marcy Av,956,964,Queens Blvd Local/6 Av Local to Marcy Av
Marcy Av,Hewes St,966,967,Queens Blvd Local/6 Av Local to Hewes St
Hewes St,Lorimer St,967,968,Queens Blvd Local/6 Av Local to Lorimer St
Lorimer St,Flushing Av,968,970,Queens Blvd Local/6 Av Local to Flushing Av
Flushing Av,Myrtle Av,970,971,Queens Blvd Local/6 Av Local to Myrtle Av
Myrtle Av,Central Av,971,973,Queens Blvd Local/6 Av Local to Central Av
Central Av,Knickerbocker Av,973,975,Queens Blvd Local/6 Av Local to Knickerbocker Av
Knickerbocker Av,Myrtle-Wyckoff Avs,975,977,Queens Blvd Local/6 Av Local to Myrtle-Wyckoff Avs
Myrtle-Wyckoff Avs,Seneca Av,977,978,Queens Blvd Local/6 Av Local to Seneca Av
Seneca Av,Forest Av,978,980,Queens Blvd Local/6 Av Local to Forest Av
Forest Av,Fresh Pond Rd,980,982,Queens Blvd Local/6 Av Local to Fresh Pond Rd
Fresh Pond Rd,Middle Village-Metropolitan Av,982,984,Queens Blvd Local/6 Av Local to Middle Village-Metropolitan Av
Delancey St-Essex St,Marcy Av,966,974,Queens Blvd Local/6 Av Local to Marcy Av
Marcy Av,Hewes St,976,977,Queens Blvd Local/6 Av Local to Hewes St
Hewes St,Lorimer St,977,978,Queens Blvd Local/6 Av Local to Lorimer St
Lorimer St,Flushing Av,978,980,Queens Blvd Local/6 Av Local to Flushing Av
Flushing Av,Myrtle Av,980,981,Queens Blvd Local/6 Av Local to Myrtle Av
Myrtle Av,Central Av,981,983,Queens Blvd Local/6 Av Local to Central Av
Central Av,Knickerbocker Av,983,985,Queens Blvd Local/6 Av Local to Knickerbocker Av
Knickerbocker Av,Myrtle-Wyckoff Avs,985,987,Queens Blvd Local/6 Av Local to Myrtle-Wyckoff Avs
Myrtle-Wyckoff Avs,Seneca Av,987,988,Queens Blvd Local/6 Av Local to Seneca Av
Seneca Av,Forest Av,988,990,Queens Blvd Local/6 Av Local to Forest Av
Forest Av,Fresh Pond Rd,990,992,Queens Blvd Local/6 Av Local to Fresh Pond Rd
Fresh Pond Rd,Middle Village-Metropolitan Av,992,994,Queens Blvd Local/6 Av Local to Middle Village-Metropolitan Av
Delancey St-Essex St,Marcy Av,976,984,Queens Blvd Local/6 Av Local to Marcy Av
Marcy Av,Hewes St,986,987,Queens Blvd Local/6 Av Local to Hewes St
Hewes St,Lorimer St,987,988,Queens Blvd Local/6 Av Local to Lorimer St
Lorimer St,Flushing Av,988,990,Queens Blvd Local/6 Av Local to Flushing Av
Flushing Av,Myrtle Av,990,991,Queens Blvd Local/6 Av Local to Myrtle Av
Myrtle Av,Central Av,991,993,Queens Blvd Local/6 Av Local to Central Av
Central Av,Knickerbocker Av,993,995,Queens Blvd Local/6 Av Local to Knickerbocker Av
Knickerbocker Av,Myrtle-Wyckoff Avs,995,997,Queens Blvd Local/6 Av Local to Myrtle-Wyckoff Avs
Myrtle-Wyckoff Avs,Seneca Av,997,998,Queens Blvd Local/6 Av Local to Seneca Av
Seneca Av,Forest Av,998,1000,Queens Blvd Local/6 Av Local to Forest Av
Forest Av,Fresh Pond Rd,1000,1002,Queens Blvd Local/6 Av Local to Fresh Pond Rd
Fresh Pond Rd,Middle Village-Metropolitan Av,1002,1004,Queens Blvd Local/6 Av Local to Middle Village-Metropolitan Av
Delancey St-Essex St,Marcy Av,986,994,Queens Blvd Local/6 Av Local to Marcy Av
Marcy Av,Hewes St,996,997,Queens Blvd Local/6 Av Local to Hewes St
Hewes St,Lorimer St,997,998,Queens Blvd Local/6 Av Local to Lorimer St
Lorimer St,Flushing Av,998,1000,Queens Blvd Local/6 Av Local to Flushing Av
Flushing Av,Myrtle Av,1000,1001,Queens Blvd Local/6 Av Local to Myrtle Av
Myrtle Av,Central Av,1001,1003,Queens Blvd Local/6 Av Local to Central Av
Central Av,Knickerbocker Av,1003,1005,Queens Blvd Local/6 Av Local to Knickerbocker Av
Knickerbocker Av,Myrtle-Wyckoff Avs,1005,1007,Queens Blvd Local/6 Av Local to Myrtle-Wyckoff Avs
Myrtle-Wyckoff Avs,Seneca Av,1007,1008,Queens Blvd Local/6 Av Local to Seneca Av
Seneca Av,Forest Av,1008,1010,Queens Blvd Local/6 Av Local to Forest Av
Forest Av,Fresh Pond Rd,1010,1012,Queens Blvd Local/6 Av Local to Fresh Pond Rd
Fresh Pond Rd,Middle Village-Metropolitan Av,1012,1014,Queens Blvd Local/6 Av Local to Middle Village-Metropolitan Av
Delancey St-Essex St,Marcy Av,996,1004,Queens Blvd Local/6 Av Local to Marcy Av
Marcy Av,Hewes St,1006,1007,Queens Blvd Local/6 Av Local to Hewes St
Hewes St,Lorimer St,1007,1008,Queens Blvd Local/6 Av Local to Lorimer St
Lorimer St,Flushing Av,1008,1010,Queens Blvd Local/6 Av Local to Flushing Av
Flushing Av,Myrtle Av,1010,1011,Queens Blvd Local/6 Av Local to Myrtle Av
Myrtle Av,Central Av,1011,1013,Queens Blvd Local/6 Av Local to Central Av
Central Av,Knickerbocker Av,1013,1015,Queens Blvd Local/6 Av Local to Knickerbocker Av
Knickerbocker Av,Myrtle-Wyckoff Avs,1015,1017,Queens Blvd Local/6 Av Local to Myrtle-Wyckoff Avs
Myrtle-Wyckoff Avs,Seneca Av,1017,1018,Queens Blvd Local/6 Av Local to Seneca Av
Seneca Av,Forest Av,1018,1020,Queens Blvd Local/6 Av Local to Forest Av
Forest Av,Fresh Pond Rd,1020,1022,Queens Blvd Local/6 Av Local to Fresh Pond Rd
Fresh Pond Rd,Middle Village-Metropolitan Av,1022,1024,Queens Blvd Local/6 Av Local to Middle Village-Metropolitan Av
Delancey St-Essex St,Marcy Av,1006,1014,Queens Blvd Local/6 Av Local to Marcy Av
Marcy Av,Hewes St,1016,1017,Queens Blvd Local/6 Av Local to Hewes St
Hewes St,Lorimer St,1017,1018,Queens Blvd Local/6 Av Local to Lorimer St
Lorimer St,Flushing Av,1018,1020,Queens Blvd Local/6 Av Local to Flushing Av
Flushing Av,Myrtle Av,1020,1021,Queens Blvd Local/6 Av Local to Myrtle Av
Myrtle Av,Central Av,1021,1023,Queens Blvd Local/6 Av Local to Central Av
Central Av,Knickerbocker Av,1023,1025,Queens Blvd Local/6 Av Local to Knickerbocker Av
Knickerbocker Av,Myrtle-Wyckoff Avs,1025,1027,Queens Blvd Local/6 Av Local to Myrtle-Wyckoff Avs
Myrtle-Wyckoff Avs,Seneca Av,1027,1028,Queens Blvd Local/6 Av Local to Seneca Av
Seneca Av,Forest Av,1028,1030,Queens Blvd Local/6 Av Local to Forest Av
Forest Av,Fresh Pond Rd,1030,1032,Queens Blvd Local/6 Av Local to Fresh Pond Rd
Fresh Pond Rd,Middle Village-Metropolitan Av,1032,1034,Queens Blvd Local/6 Av Local to Middle Village-Metropolitan Av
Delancey St-Essex St,Marcy Av,1016,1024,Queens Blvd Local/6 Av Local to Marcy Av
Marcy Av,Hewes St,1026,1027,Queens Blvd Local/6 Av Local to Hewes St
Hewes St,Lorimer St,1027,1028,Queens Blvd Local/6 Av Local to Lorimer St
Lorimer St,Flushing Av,1028,1030,Queens Blvd Local/6 Av Local to Flushing Av
Flushing Av,Myrtle Av,1030,1031,Queens Blvd Local/6 Av Local to Myrtle Av
Myrtle Av,Central Av,1031,1033,Queens Blvd Local/6 Av Local to Central Av
Central Av,Knickerbocker Av,1033,1035,Queens Blvd Local/6 Av Local to Knickerbocker Av
Knickerbocker Av,Myrtle-Wyckoff Avs,1035,1037,Queens Blvd Local/6 Av Local to Myrtle-Wyckoff Avs
Myrtle-Wyckoff Avs,Seneca Av,1037,1038,Queens Blvd Local/6 Av Local to Seneca Av
Seneca Av,Forest Av,1038,1040,Queens Blvd Local/6 Av Local to Forest Av
Forest Av,Fresh Pond Rd,1040,1042,Queens Blvd Local/6 Av Local to Fresh Pond Rd
Fresh Pond Rd,Middle Village-Metropolitan Av,1042,1044,Queens Blvd Local/6 Av Local to Middle Village-Metropolitan Av
Delancey St-Essex St,Marcy Av,1026,1034,Queens Blvd Local/6 Av Local to Marcy Av
Marcy Av,Hewes St,1036,1037,Queens Blvd Local/6 Av Local to Hewes St
Hewes St,Lorimer St,1037,1038,Queens Blvd Local/6 Av Local to Lorimer St
Lorimer St,Flushing Av,1038,1040,Queens Blvd Local/6 Av Local to Flushing Av
Flushing Av,Myrtle Av,1040,1041,Queens Blvd Local/6 Av Local to Myrtle Av
Myrtle Av,Central Av,1041,1043,Queens Blvd Local/6 Av Local to Central Av
Central Av,Knickerbocker Av,1043,1045,Queens Blvd Local/6 Av Local to Knickerbocker Av
Knickerbocker Av,Myrtle-Wyckoff Avs,1045,1047,Queens Blvd Local/6 Av Local to Myrtle-Wyckoff Avs
Myrtle-Wyckoff Avs,Seneca Av,1047,1048,Queens Blvd Local/6 Av Local to Seneca Av
Seneca Av,Forest Av,1048,1050,Queens Blvd Local/6 Av Local to Forest Av
Forest Av,Fresh Pond Rd,1050,1052,Queens Blvd Local/6 Av Local to Fresh Pond Rd
Fresh Pond Rd,Middle Village-Metropolitan Av,1052,1054,Queens Blvd Local/6 Av Local to Middle Village-Metropolitan Av
Delancey St-Essex St,Marcy Av,1036,1044,Queens Blvd Local/6 Av Local to Marcy Av
Marcy Av,Hewes St,1046,1047,Queens Blvd Local/6 Av Local to Hewes St
Hewes St,Lorimer St,1047,1048,Queens Blvd Local/6 Av Local to Lorimer St
Lorimer St,Flushing Av,1048,1050,Queens Blvd Local/6 Av Local to Flushing Av
Flushing Av,Myrtle Av,1050,1051,Queens Blvd Local/6 Av Local to Myrtle Av
Myrtle Av,Central Av,1051,1053,Queens Blvd Local/6 Av Local to Central Av
Central Av,Knickerbocker Av,1053,1055,Queens Blvd Local/6 Av Local to Knickerbocker Av
Knickerbocker Av,Myrtle-Wyckoff Avs,1055,1057,Queens Blvd Local/6 Av Local to Myrtle-Wyckoff Avs
Myrtle-Wyckoff Avs,Seneca Av,1057,1058,Queens Blvd Local/6 Av Local to Seneca Av
Seneca Av,Forest Av,1058,1060,Queens Blvd Local/6 Av Local to Forest Av
Forest Av,Fresh Pond Rd,1060,1062,Queens Blvd Local/6 Av Local to Fresh Pond Rd
Fresh Pond Rd,Middle Village-Metropolitan Av,1062,1064,Queens Blvd Local/6 Av Local to Middle Village-Metropolitan Av
Delancey St-Essex St,Marcy Av,1046,1054,Queens Blvd Local/6 Av Local to Marcy Av
Marcy Av,Hewes St,1056,1057,Queens Blvd Local/6 Av Local to Hewes St
Hewes St,Lorimer St,1057,1058,Queens Blvd Local/6 Av Local to Lorimer St
Lorimer St,Flushing Av,1058,1060,Queens Blvd Local/6 Av Local to Flushing Av
Flushing Av,Myrtle Av,1060,1061,Queens Blvd Local/6 Av Local to Myrtle Av
Myrtle Av,Central Av,1061,1063,Queens Blvd Local/6 Av Local to Central Av
Central Av,Knickerbocker Av,1063,1065,Queens Blvd Local/6 Av Local to Knickerbocker Av
Knickerbocker Av,Myrtle-Wyckoff Avs,1065,1067,Queens Blvd Local/6 Av Local to Myrtle-Wyckoff Avs
Myrtle-Wyckoff Avs,Seneca Av,1067,1068,Queens Blvd Local/6 Av Local to Seneca Av
Seneca Av,Forest Av,1068,1070,Queens Blvd Local/6 Av Local to Forest Av
Forest Av,Fresh Pond Rd,1070,1072,Queens Blvd Local/6 Av Local to Fresh Pond Rd
Fresh Pond Rd,Middle Village-Metropolitan Av,1072,1074,Queens Blvd Local/6 Av Local to Middle Village-Metropolitan Av
Delancey St-Essex St,Marcy Av,1056,1064,Queens Blvd Local/6 Av Local to Marcy Av
Marcy Av,Hewes St,1066,1067,Queens Blvd Local/6 Av Local to Hewes St
Hewes St,Lorimer St,1067,1068,Queens Blvd Local/6 Av Local to Lorimer St
Lorimer St,Flushing Av,1068,1070,Queens Blvd Local/6 Av Local to Flushing Av
Flushing Av,Myrtle Av,1070,1071,Queens Blvd Local/6 Av Local to Myrtle Av
Myrtle Av,Central Av,1071,1073,Queens Blvd Local/6 Av Local to Central Av
Central Av,Knickerbocker Av,1073,1075,Queens Blvd Local/6 Av Local to Knickerbocker Av
Knickerbocker Av,Myrtle-Wyckoff Avs,1075,1077,Queens Blvd Local/6 Av Local to Myrtle-Wyckoff Avs
Myrtle-Wyckoff Avs,Seneca Av,1077,1078,Queens Blvd Local/6 Av Local to Seneca Av
Seneca Av,Forest Av,1078,1080,Queens Blvd Local/6 Av Local to Forest Av
Forest Av,Fresh Pond Rd,1080,1082,Queens Blvd Local/6 Av Local to Fresh Pond Rd
Fresh Pond Rd,Middle Village-Metropolitan Av,1082,1084,Queens Blvd Local/6 Av Local to Middle Village-Metropolitan Av
Delancey St-Essex St,Marcy Av,1066,1074,Queens Blvd Local/6 Av Local to Marcy Av
Marcy Av,Hewes St,1076,1077,Queens Blvd Local/6 Av Local to Hewes St
Hewes St,Lorimer St,1077,1078,Queens Blvd Local/6 Av Local to Lorimer St
Lorimer St,Flushing Av,1078,1080,Queens Blvd Local/6 Av Local to Flushing Av
Flushing Av,Myrtle Av,1080,1081,Queens Blvd Local/6 Av Local to Myrtle Av
Myrtle Av,Central Av,1081,1083,Queens Blvd Local/6 Av Local to Central Av
Central Av,Knickerbocker Av,1083,1085,Queens Blvd Local/6 Av Local to Knickerbocker Av
Knickerbocker Av,Myrtle-Wyckoff Avs,1085,1087,Queens Blvd Local/6 Av Local to Myrtle-Wyckoff Avs
Myrtle-Wyckoff Avs,Seneca Av,1087,1088,Queens Blvd Local/6 Av Local to Seneca Av
Seneca Av,Forest Av,1088,1090,Queens Blvd Local/6 Av Local to Forest Av
Forest Av,Fresh Pond Rd,1090,1092,Queens Blvd Local/6 Av Local to Fresh Pond Rd
Fresh Pond Rd,Middle Village-Metropolitan Av,1092,1094,Queens Blvd Local/6 Av Local to Middle Village-Metropolitan Av
Delancey St-Essex St,Marcy Av,1076,1084,Queens Blvd Local/6 Av Local to Marcy Av
Marcy Av,Hewes St,1086,1087,Queens Blvd Local/6 Av Local to Hewes St
Hewes St,Lorimer St,1087,1088,Queens Blvd Local/6 Av Local to Lorimer St
Lorimer St,Flushing Av,1088,1090,Queens Blvd Local/6 Av Local to Flushing Av
Flushing Av,Myrtle Av,1090,1091,Queens Blvd Local/6 Av Local to Myrtle Av
Myrtle Av,Central Av,1091,1093,Queens Blvd Local/6 Av Local to Central Av
Central Av,Knickerbocker Av,1093,1095,Queens Blvd Local/6 Av Local to Knickerbocker Av
Knickerbocker Av,Myrtle-Wyckoff Avs,1095,1097,Queens Blvd Local/6 Av Local to Myrtle-Wyckoff Avs
Myrtle-Wyckoff Avs,Seneca Av,1097,1098,Queens Blvd Local/6 Av Local to Seneca Av
Seneca Av,Forest Av,1098,1100,Queens Blvd Local/6 Av Local to Forest Av
Forest Av,Fresh Pond Rd,1100,1102,Queens Blvd Local/6 Av Local to Fresh Pond Rd
Fresh Pond Rd,Middle Village-Metropolitan Av,1102,1104,Queens Blvd Local/6 Av Local to Middle Village-Metropolitan Av
Delancey St-Essex St,Marcy Av,1086,1094,Queens Blvd Local/6 Av Local to Marcy Av
Marcy Av,Hewes St,1096,1097,Queens Blvd Local/6 Av Local to Hewes St
Hewes St,Lorimer St,1097,1098,Queens Blvd Local/6 Av Local to Lorimer St
Lorimer St,Flushing Av,1098,1100,Queens Blvd Local/6 Av Local to Flushing Av
Flushing Av,Myrtle Av,1100,1101,Queens Blvd Local/6 Av Local to Myrtle Av
Myrtle Av,Central Av,1101,1103,Queens Blvd Local/6 Av Local to Central Av
Central Av,Knickerbocker Av,1103,1105,Queens Blvd Local/6 Av Local to Knickerbocker Av
Knickerbocker Av,Myrtle-Wyckoff Avs,1105,1107,Queens Blvd Local/6 Av Local to Myrtle-Wyckoff Avs
Myrtle-Wyckoff Avs,Seneca Av,1107,1108,Queens Blvd Local/6 Av Local to Seneca Av
Seneca Av,Forest Av,1108,1110,Queens Blvd Local/6 Av Local to Forest Av
Forest Av,Fresh Pond Rd,1110,1112,Queens Blvd Local/6 Av Local to Fresh Pond Rd
Fresh Pond Rd,Middle Village-Metropolitan Av,1112,1114,Queens Blvd Local/6 Av Local to Middle Village-Metropolitan Av
Delancey St-Essex St,Marcy Av,1096,1104,Queens Blvd Local/6 Av Local to Marcy Av
Marcy Av,Hewes St,1106,1107,Queens Blvd Local/6 Av Local to Hewes St
Hewes St,Lorimer St,1107,1108,Queens Blvd Local/6 Av Local to Lorimer St
Lorimer St,Flushing Av,1108,1110,Queens Blvd Local/6 Av Local to Flushing Av
Flushing Av,Myrtle Av,1110,1111,Queens Blvd Local/6 Av Local to Myrtle Av
Myrtle Av,Central Av,1111,1113,Queens Blvd Local/6 Av Local to Central Av
Central Av,Knickerbocker Av,1113,1115,Queens Blvd Local/6 Av Local to Knickerbocker Av
Knickerbocker Av,Myrtle-Wyckoff Avs,1115,1117,Queens Blvd Local/6 Av Local to Myrtle-Wyckoff Avs
Myrtle-Wyckoff Avs,Seneca Av,1117,1118,Queens Blvd Local/6 Av Local to Seneca Av
Seneca Av,Forest Av,1118,1120,Queens Blvd Local/6 Av Local to Forest Av
Forest Av,Fresh Pond Rd,1120,1122,Queens Blvd Local/6 Av Local to Fresh Pond Rd
Fresh Pond Rd,Middle Village-Metropolitan Av,1122,1124,Queens Blvd Local/6 Av Local to Middle Village-Metropolitan Av
Delancey St-Essex St,Marcy Av,1106,1114,Queens Blvd Local/6 Av Local to Marcy Av
Marcy Av,Hewes St,1116,1117,Queens Blvd Local/6 Av Local to Hewes St
Hewes St,Lorimer St,1117,1118,Queens Blvd Local/6 Av Local to Lorimer St
Lorimer St,Flushing Av,1118,1120,Queens Blvd Local/6 Av Local to Flushing Av
Flushing Av,Myrtle Av,1120,1121,Queens Blvd Local/6 Av Local to Myrtle Av
Myrtle Av,Central Av,1121,1123,Queens Blvd Local/6 Av Local to Central Av
Central Av,Knickerbocker Av,1123,1125,Queens Blvd Local/6 Av Local to Knickerbocker Av
Knickerbocker Av,Myrtle-Wyckoff Avs,1125,1127,Queens Blvd Local/6 Av Local to Myrtle-Wyckoff Avs
Myrtle-Wyckoff Avs,Seneca Av,1127,1128,Queens Blvd Local/6 Av Local to Seneca Av
Seneca Av,Forest Av,1128,1130,Queens Blvd Local/6 Av Local to Forest Av
Forest Av,Fresh Pond Rd,1130,1132,Queens Blvd Local/6 Av Local to Fresh Pond Rd
Fresh Pond Rd,Middle Village-Metropolitan Av,1132,1134,Queens Blvd Local/6 Av Local to Middle Village-Metropolitan Av
Delancey St-Essex St,Marcy Av,1116,1124,Queens Blvd Local/6 Av Local to Marcy Av
Marcy Av,Hewes St,1126,1127,Queens Blvd Local/6 Av Local to Hewes St
Hewes St,Lorimer St,1127,1128,Queens Blvd Local/6 Av Local to Lorimer St
Lorimer St,Flushing Av,1128,1130,Queens Blvd Local/6 Av Local to Flushing Av
Flushing Av,Myrtle Av,1130,1131,Queens Blvd Local/6 Av Local to Myrtle Av
Myrtle Av,Central Av,1131,1133,Queens Blvd Local/6 Av Local to Central Av
Central Av,Knickerbocker Av,1133,1135,Queens Blvd Local/6 Av Local to Knickerbocker Av
Knickerbocker Av,Myrtle-Wyckoff Avs,1135,1137,Queens Blvd Local/6 Av Local to Myrtle-Wyckoff Avs
Myrtle-Wyckoff Avs,Seneca Av,1137,1138,Queens Blvd Local/6 Av Local to Seneca Av
Seneca Av,Forest Av,1138,1140,Queens Blvd Local/6 Av Local to Forest Av
Forest Av,Fresh Pond Rd,1140,1142,Queens Blvd Local/6 Av Local to Fresh Pond Rd
Fresh Pond Rd,Middle Village-Metropolitan Av,1142,1144,Queens Blvd Local/6 Av Local to Middle Village-Metropolitan Av
Delancey St-Essex St,Marcy Av,1126,1134,Queens Blvd Local/6 Av Local to Marcy Av
Marcy Av,Hewes St,1136,1137,Queens Blvd Local/6 Av Local to Hewes St
Hewes St,Lorimer St,1137,1138,Queens Blvd Local/6 Av Local to Lorimer St
Lorimer St,Flushing Av,1138,1140,Queens Blvd Local/6 Av Local to Flushing Av
Flushing Av,Myrtle Av,1140,1141,Queens Blvd Local/6 Av Local to Myrtle Av
Myrtle Av,Central Av,1141,1143,Queens Blvd Local/6 Av Local to Central Av
Central Av,Knickerbocker Av,1143,1145,Queens Blvd Local/6 Av Local to Knickerbocker Av
Knickerbocker Av,Myrtle-Wyckoff Avs,1145,1147,Queens Blvd Local/6 Av Local to Myrtle-Wyckoff Avs
Myrtle-Wyckoff Avs,Seneca Av,1147,1148,Queens Blvd Local/6 Av Local to Seneca Av
Seneca Av,Forest Av,1148,1150,Queens Blvd Local/6 Av Local to Forest Av
Forest Av,Fresh Pond Rd,1150,1152,Queens Blvd Local/6 Av Local to Fresh Pond Rd
Fresh Pond Rd,Middle Village-Metropolitan Av,1152,1154,Queens Blvd Local/6 Av Local to Middle Village-Metropolitan Av
Delancey St-Essex St,Marcy Av,1136,1144,Queens Blvd Local/6 Av Local to Marcy Av
Marcy Av,Hewes St,1146,1147,Queens Blvd Local/6 Av Local to Hewes St
Hewes St,Lorimer St,1147,1148,Queens Blvd Local/6 Av Local to Lorimer St
Lorimer St,Flushing Av,1148,1150,Queens Blvd Local/6 Av Local to Flushing Av
Flushing Av,Myrtle Av,1150,1151,Queens Blvd Local/6 Av Local to Myrtle Av
Myrtle Av,Central Av,1151,1153,Queens Blvd Local/6 Av Local to Central Av
Central Av,Knickerbocker Av,1153,1155,Queens Blvd Local/6 Av Local to Knickerbocker Av
Knickerbocker Av,Myrtle-Wyckoff Avs,1155,1157,Queens Blvd Local/6 Av Local to Myrtle-Wyckoff Avs
Myrtle-Wyckoff Avs,Seneca Av,1157,1158,Queens Blvd Local/6 Av Local to Seneca Av
Seneca Av,Forest Av,1158,1160,Queens Blvd Local/6 Av Local to Forest Av
Forest Av,Fresh Pond Rd,1160,1162,Queens Blvd Local/6 Av Local to Fresh Pond Rd
Fresh Pond Rd,Middle Village-Metropolitan Av,1162,1164,Queens Blvd Local/6 Av Local to Middle Village-Metropolitan Av
Delancey St-Essex St,Marcy Av,1146,1154,Queens Blvd Local/6 Av Local to Marcy Av
Marcy Av,Hewes St,1156,1157,Queens Blvd Local/6 Av Local to Hewes St
Hewes St,Lorimer St,1157,1158,Queens Blvd Local/6 Av Local to Lorimer St
Lorimer St,Flushing Av,1158,1160,Queens Blvd Local/6 Av Local to Flushing Av
Flushing Av,Myrtle Av,1160,1161,Queens Blvd Local/6 Av Local to Myrtle Av
Myrtle Av,Central Av,1161,1163,Queens Blvd Local/6 Av Local to Central Av
Central Av,Knickerbocker Av,1163,1165,Queens Blvd Local/6 Av Local to Knickerbocker Av
Knickerbocker Av,Myrtle-Wyckoff Avs,1165,1167,Queens Blvd Local/6 Av Local to Myrtle-Wyckoff Avs
Myrtle-Wyckoff Avs,Seneca Av,1167,1168,Queens Blvd Local/6 Av Local to Seneca Av
Seneca Av,Forest Av,1168,1170,Queens Blvd Local/6 Av Local to Forest Av
Forest Av,Fresh Pond Rd,1170,1172,Queens Blvd Local/6 Av Local to Fresh Pond Rd
Fresh Pond Rd,Middle Village-Metropolitan Av,1172,1174,Queens Blvd Local/6 Av Local to Middle Village-Metropolitan Av
Delancey St-Essex St,Marcy Av,1156,1164,Queens Blvd Local/6 Av Local to Marcy Av
Marcy Av,Hewes St,1166,1167,Queens Blvd Local/6 Av Local to Hewes St
Hewes St,Lorimer St,1167,1168,Queens Blvd Local/6 Av Local to Lorimer St
Lorimer St,Flushing Av,1168,1170,Queens Blvd Local/6 Av Local to Flushing Av
Flushing Av,Myrtle Av,1170,1171,Queens Blvd Local/6 Av Local to Myrtle Av
Myrtle Av,Central Av,1171,1173,Queens Blvd Local/6 Av Local to Central Av
Central Av,Knickerbocker Av,1173,1175,Queens Blvd Local/6 Av Local to Knickerbocker Av
Knickerbocker Av,Myrtle-Wyckoff Avs,1175,1177,Queens Blvd Local/6 Av Local to Myrtle-Wyckoff Avs
Myrtle-Wyckoff Avs,Seneca Av,1177,1178,Queens Blvd Local/6 Av Local to Seneca Av
Seneca Av,Forest Av,1178,1180,Queens Blvd Local/6 Av Local to Forest Av
Forest Av,Fresh Pond Rd,1180,1182,Queens Blvd Local/6 Av Local to Fresh Pond Rd
Fresh Pond Rd,Middle Village-Metropolitan Av,1182,1184,Queens Blvd Local/6 Av Local to Middle Village-Metropolitan Av
Delancey St-Essex St,Marcy Av,1166,1174,Queens Blvd Local/6 Av Local to Marcy Av
Marcy Av,Hewes St,1176,1177,Queens Blvd Local/6 Av Local to Hewes St
Hewes St,Lorimer St,1177,1178,Queens Blvd Local/6 Av Local to Lorimer St
Lorimer St,Flushing Av,1178,1180,Queens Blvd Local/6 Av Local to Flushing Av
Flushing Av,Myrtle Av,1180,1181,Queens Blvd Local/6 Av Local to Myrtle Av
Myrtle Av,Central Av,1181,1183,Queens Blvd Local/6 Av Local to Central Av
Central Av,Knickerbocker Av,1183,1185,Queens Blvd Local/6 Av Local to Knickerbocker Av
Knickerbocker Av,Myrtle-Wyckoff Avs,1185,1187,Queens Blvd Local/6 Av Local to Myrtle-Wyckoff Avs
Myrtle-Wyckoff Avs,Seneca Av,1187,1188,Queens Blvd Local/6 Av Local to Seneca Av
Seneca Av,Forest Av,1188,1190,Queens Blvd Local/6 Av Local to Forest Av
Forest Av,Fresh Pond Rd,1190,1192,Queens Blvd Local/6 Av Local to Fresh Pond Rd
Fresh Pond Rd,Middle Village-Metropolitan Av,1192,1194,Queens Blvd Local/6 Av Local to Middle Village-Metropolitan Av
Delancey St-Essex St,Marcy Av,1176,1184,Queens Blvd Local/6 Av Local to Marcy Av
Marcy Av,Hewes St,1186,1187,Queens Blvd Local/6 Av Local to Hewes St
Hewes St,Lorimer St,1187,1188,Queens Blvd Local/6 Av Local to Lorimer St
Lorimer St,Flushing Av,1188,1190,Queens Blvd Local/6 Av Local to Flushing Av
Flushing Av,Myrtle Av,1190,1191,Queens Blvd Local/6 Av Local to Myrtle Av
Myrtle Av,Central Av,1191,1193,Queens Blvd Local/6 Av Local to Central Av
Central Av,Knickerbocker Av,1193,1195,Queens Blvd Local/6 Av Local to Knickerbocker Av
Knickerbocker Av,Myrtle-Wyckoff Avs,1195,1197,Queens Blvd Local/6 Av Local to Myrtle-Wyckoff Avs
Myrtle-Wyckoff Avs,Seneca Av,1197,1198,Queens Blvd Local/6 Av Local to Seneca Av
Seneca Av,Forest Av,1198,1200,Queens Blvd Local/6 Av Local to Forest Av
Forest Av,Fresh Pond Rd,1200,1202,Queens Blvd Local/6 Av Local to Fresh Pond Rd
Fresh Pond Rd,Middle Village-Metropolitan Av,1202,1204,Queens Blvd Local/6 Av Local to Middle Village-Metropolitan Av
Delancey St-Essex St,Marcy Av,1186,1194,Queens Blvd Local/6 Av Local to Marcy Av
Marcy Av,Hewes St,1196,1197,Queens Blvd Local/6 Av Local to Hewes St
Hewes St,Lorimer St,1197,1198,Queens Blvd Local/6 Av Local to Lorimer St
Lorimer St,Flushing Av,1198,1200,Queens Blvd Local/6 Av Local to Flushing Av
Flushing Av,Myrtle Av,1200,1201,Queens Blvd Local/6 Av Local to Myrtle Av
Myrtle Av,Central Av,1201,1203,Queens Blvd Local/6 Av Local to Central Av
Central Av,Knickerbocker Av,1203,1205,Queens Blvd Local/6 Av Local to Knickerbocker Av
Knickerbocker Av,Myrtle-Wyckoff Avs,1205,1207,Queens Blvd Local/6 Av Local to Myrtle-Wyckoff Avs
Myrtle-Wyckoff Avs,Seneca Av,1207,1208,Queens Blvd Local/6 Av Local to Seneca Av
Seneca Av,Forest Av,1208,1210,Queens Blvd Local/6 Av Local to Forest Av
Forest Av,Fresh Pond Rd,1210,1212,Queens Blvd Local/6 Av Local to Fresh Pond Rd
Fresh Pond Rd,Middle Village-Metropolitan Av,1212,1214,Queens Blvd Local/6 Av Local to Middle Village-Metropolitan Av
Delancey St-Essex St,Marcy Av,1196,1204,Queens Blvd Local/6 Av Local to Marcy Av
Marcy Av,Hewes St,1206,1207,Queens Blvd Local/6 Av Local to Hewes St
Hewes St,Lorimer St,1207,1208,Queens Blvd Local/6 Av Local to Lorimer St
Lorimer St,Flushing Av,1208,1210,Queens Blvd Local/6 Av Local to Flushing Av
Flushing Av,Myrtle Av,1210,1211,Queens Blvd Local/6 Av Local to Myrtle Av
Myrtle Av,Central Av,1211,1213,Queens Blvd Local/6 Av Local to Central Av
Central Av,Knickerbocker Av,1213,1215,Queens Blvd Local/6 Av Local to Knickerbocker Av
Knickerbocker Av,Myrtle-Wyckoff Avs,1215,1217,Queens Blvd Local/6 Av Local to Myrtle-Wyckoff Avs
Myrtle-Wyckoff Avs,Seneca Av,1217,1218,Queens Blvd Local/6 Av Local to Seneca Av
Seneca Av,Forest Av,1218,1220,Queens Blvd Local/6 Av Local to Forest Av
Forest Av,Fresh Pond Rd,1220,1222,Queens Blvd Local/6 Av Local to Fresh Pond Rd
Fresh Pond Rd,Middle Village-Metropolitan Av,1222,1224,Queens Blvd Local/6 Av Local to Middle Village-Metropolitan Av
Delancey St-Essex St,Marcy Av,1206,1214,Queens Blvd Local/6 Av Local to Marcy Av
Marcy Av,Hewes St,1216,1217,Queens Blvd Local/6 Av Local to Hewes St
Hewes St,Lorimer St,1217,1218,Queens Blvd Local/6 Av Local to Lorimer St
Lorimer St,Flushing Av,1218,1220,Queens Blvd Local/6 Av Local to Flushing Av
Flushing Av,Myrtle Av,1220,1221,Queens Blvd Local/6 Av Local to Myrtle Av
Myrtle Av,Central Av,1222,1224,Queens Blvd Local/6 Av Local to Central Av
Central Av,Knickerbocker Av,1224,1226,Queens Blvd Local/6 Av Local to Knickerbocker Av
Knickerbocker Av,Myrtle-Wyckoff Avs,1226,1228,Queens Blvd Local/6 Av Local to Myrtle-Wyckoff Avs
Myrtle-Wyckoff Avs,Seneca Av,1228,1229,Queens Blvd Local/6 Av Local to Seneca Av
Seneca Av,Forest Av,1229,1231,Queens Blvd Local/6 Av Local to Forest Av
Forest Av,Fresh Pond Rd,1231,1233,Queens Blvd Local/6 Av Local to Fresh Pond Rd
Fresh Pond Rd,Middle Village-Metropolitan Av,1233,1235,Queens Blvd Local/6 Av Local to Middle Village-Metropolitan Av
Delancey St-Essex St,Marcy Av,1216,1224,Queens Blvd Local/6 Av Local to Marcy Av
Marcy Av,Hewes St,1226,1227,Queens Blvd Local/6 Av Local to Hewes St
Hewes St,Lorimer St,1227,1228,Queens Blvd Local/6 Av Local to Lorimer St
Lorimer St,Flushing Av,1228,1230,Queens Blvd Local/6 Av Local to Flushing Av
Flushing Av,Myrtle Av,1230,1231,Queens Blvd Local/6 Av Local to Myrtle Av
Myrtle Av,Central Av,1233,1235,Queens Blvd Local/6 Av Local to Central Av
Central Av,Knickerbocker Av,1235,1237,Queens Blvd Local/6 Av Local to Knickerbocker Av
Knickerbocker Av,Myrtle-Wyckoff Avs,1237,1239,Queens Blvd Local/6 Av Local to Myrtle-Wyckoff Avs
Myrtle-Wyckoff Avs,Seneca Av,1239,1240,Queens Blvd Local/6 Av Local to Seneca Av
Seneca Av,Forest Av,1240,1242,Queens Blvd Local/6 Av Local to Forest Av
Forest Av,Fresh Pond Rd,1242,1244,Queens Blvd Local/6 Av Local to Fresh Pond Rd
Fresh Pond Rd,Middle Village-Metropolitan Av,1244,1246,Queens Blvd Local/6 Av Local to Middle Village-Metropolitan Av
Delancey St-Essex St,Marcy Av,1226,1234,Queens Blvd Local/6 Av Local to Marcy Av
Marcy Av,Hewes St,1236,1237,Queens Blvd Local/6 Av Local to Hewes St
Hewes St,Lorimer St,1237,1238,Queens Blvd Local/6 Av Local to Lorimer St
Lorimer St,Flushing Av,1238,1240,Queens Blvd Local/6 Av Local to Flushing Av
Flushing Av,Myrtle Av,1240,1241,Queens Blvd Local/6 Av Local to Myrtle Av
Myrtle Av,Central Av,1241,1243,Queens Blvd Local/6 Av Local to Central Av
Central Av,Knickerbocker Av,1243,1245,Queens Blvd Local/6 Av Local to Knickerbocker Av
Knickerbocker Av,Myrtle-Wyckoff Avs,1245,1247,Queens Blvd Local/6 Av Local to Myrtle-Wyckoff Avs
Myrtle-Wyckoff Avs,Seneca Av,1247,1248,Queens Blvd Local/6 Av Local to Seneca Av
Seneca Av,Forest Av,1248,1250,Queens Blvd Local/6 Av Local to Forest Av
Forest Av,Fresh Pond Rd,1250,1252,Queens Blvd Local/6 Av Local to Fresh Pond Rd
Fresh Pond Rd,Middle Village-Metropolitan Av,1252,1254,Queens Blvd Local/6 Av Local to Middle Village-Metropolitan Av
Delancey St-Essex St,Marcy Av,1236,1244,Queens Blvd Local/6 Av Local to Marcy Av
Marcy Av,Hewes St,1246,1247,Queens Blvd Local/6 Av Local to Hewes St
Hewes St,Lorimer St,1247,1248,Queens Blvd Local/6 Av Local to Lorimer St
Lorimer St,Flushing Av,1248,1250,Queens Blvd Local/6 Av Local to Flushing Av
Flushing Av,Myrtle Av,1250,1251,Queens Blvd Local/6 Av Local to Myrtle Av
Myrtle Av,Central Av,1251,1253,Queens Blvd Local/6 Av Local to Central Av
Central Av,Knickerbocker Av,1253,1255,Queens Blvd Local/6 Av Local to Knickerbocker Av
Knickerbocker Av,Myrtle-Wyckoff Avs,1255,1257,Queens Blvd Local/6 Av Local to Myrtle-Wyckoff Avs
Myrtle-Wyckoff Avs,Seneca Av,1257,1258,Queens Blvd Local/6 Av Local to Seneca Av
Seneca Av,Forest Av,1258,1260,Queens Blvd Local/6 Av Local to Forest Av
Forest Av,Fresh Pond Rd,1260,1262,Queens Blvd Local/6 Av Local to Fresh Pond Rd
Fresh Pond Rd,Middle Village-Metropolitan Av,1262,1264,Queens Blvd Local/6 Av Local to Middle Village-Metropolitan Av
Delancey St-Essex St,Marcy Av,1246,1254,Queens Blvd Local/6 Av Local to Marcy Av
Marcy Av,Hewes St,1256,1257,Queens Blvd Local/6 Av Local to Hewes St
Hewes St,Lorimer St,1257,1258,Queens Blvd Local/6 Av Local to Lorimer St
Lorimer St,Flushing Av,1258,1260,Queens Blvd Local/6 Av Local to Flushing Av
Flushing Av,Myrtle Av,1260,1261,Queens Blvd Local/6 Av Local to Myrtle Av
Myrtle Av,Central Av,1261,1263,Queens Blvd Local/6 Av Local to Central Av
Central Av,Knickerbocker Av,1263,1265,Queens Blvd Local/6 Av Local to Knickerbocker Av
Knickerbocker Av,Myrtle-Wyckoff Avs,1265,1267,Queens Blvd Local/6 Av Local to Myrtle-Wyckoff Avs
Myrtle-Wyckoff Avs,Seneca Av,1267,1268,Queens Blvd Local/6 Av Local to Seneca Av
Seneca Av,Forest Av,1268,1270,Queens Blvd Local/6 Av Local to Forest Av
Forest Av,Fresh Pond Rd,1270,1272,Queens Blvd Local/6 Av Local to Fresh Pond Rd
Fresh Pond Rd,Middle Village-Metropolitan Av,1272,1274,Queens Blvd Local/6 Av Local to Middle Village-Metropolitan Av
Delancey St-Essex St,Marcy Av,1256,1264,Queens Blvd Local/6 Av Local to Marcy Av
Marcy Av,Hewes St,1266,1267,Queens Blvd Local/6 Av Local to Hewes St
Hewes St,Lorimer St,1267,1268,Queens Blvd Local/6 Av Local to Lorimer St
Lorimer St,Flushing Av,1268,1270,Queens Blvd Local/6 Av Local to Flushing Av
Flushing Av,Myrtle Av,1270,1271,Queens Blvd Local/6 Av Local to Myrtle Av
Myrtle Av,Central Av,1271,1273,Queens Blvd Local/6 Av Local to Central Av
Central Av,Knickerbocker Av,1273,1275,Queens Blvd Local/6 Av Local to Knickerbocker Av
Knickerbocker Av,Myrtle-Wyckoff Avs,1275,1277,Queens Blvd Local/6 Av Local to Myrtle-Wyckoff Avs
Myrtle-Wyckoff Avs,Seneca Av,1277,1278,Queens Blvd Local/6 Av Local to Seneca Av
Seneca Av,Forest Av,1278,1280,Queens Blvd Local/6 Av Local to Forest Av
Forest Av,Fresh Pond Rd,1280,1282,Queens Blvd Local/6 Av Local to Fresh Pond Rd
Fresh Pond Rd,Middle Village-Metropolitan Av,1282,1284,Queens Blvd Local/6 Av Local to Middle Village-Metropolitan Av
Delancey St-Essex St,Marcy Av,1268,1276,Queens Blvd Local/6 Av Local to Marcy Av
Marcy Av,Hewes St,1278,1279,Queens Blvd Local/6 Av Local to Hewes St
Hewes St,Lorimer St,1279,1280,Queens Blvd Local/6 Av Local to Lorimer St
Lorimer St,Flushing Av,1280,1282,Queens Blvd Local/6 Av Local to Flushing Av
Flushing Av,Myrtle Av,1282,1283,Queens Blvd Local/6 Av Local to Myrtle Av
Myrtle Av,Central Av,1283,1285,Queens Blvd Local/6 Av Local to Central Av
Central Av,Knickerbocker Av,1285,1287,Queens Blvd Local/6 Av Local to Knickerbocker Av
Knickerbocker Av,Myrtle-Wyckoff Avs,1287,1289,Queens Blvd Local/6 Av Local to Myrtle-Wyckoff Avs
Myrtle-Wyckoff Avs,Seneca Av,1289,1290,Queens Blvd Local/6 Av Local to Seneca Av
Seneca Av,Forest Av,1290,1292,Queens Blvd Local/6 Av Local to Forest Av
Forest Av,Fresh Pond Rd,1292,1294,Queens Blvd Local/6 Av Local to Fresh Pond Rd
Fresh Pond Rd,Middle Village-Metropolitan Av,1294,1296,Queens Blvd Local/6 Av Local to Middle Village-Metropolitan Av
Delancey St-Essex St,Marcy Av,1280,1288,Queens Blvd Local/6 Av Local to Marcy Av
Marcy Av,Hewes St,1290,1291,Queens Blvd Local/6 Av Local to Hewes St
Hewes St,Lorimer St,1291,1292,Queens Blvd Local/6 Av Local to Lorimer St
Lorimer St,Flushing Av,1292,1294,Queens Blvd Local/6 Av Local to Flushing Av
Flushing Av,Myrtle Av,1294,1295,Queens Blvd Local/6 Av Local to Myrtle Av
Myrtle Av,Central Av,1295,1297,Queens Blvd Local/6 Av Local to Central Av
Central Av,Knickerbocker Av,1297,1299,Queens Blvd Local/6 Av Local to Knickerbocker Av
Knickerbocker Av,Myrtle-Wyckoff Avs,1299,1301,Queens Blvd Local/6 Av Local to Myrtle-Wyckoff Avs
Myrtle-Wyckoff Avs,Seneca Av,1301,1302,Queens Blvd Local/6 Av Local to Seneca Av
Seneca Av,Forest Av,1302,1304,Queens Blvd Local/6 Av Local to Forest Av
Forest Av,Fresh Pond Rd,1304,1306,Queens Blvd Local/6 Av Local to Fresh Pond Rd
Fresh Pond Rd,Middle Village-Metropolitan Av,1306,1308,Queens Blvd Local/6 Av Local to Middle Village-Metropolitan Av
Delancey St-Essex St,Marcy Av,1292,1300,Queens Blvd Local/6 Av Local to Marcy Av
Marcy Av,Hewes St,1302,1303,Queens Blvd Local/6 Av Local to Hewes St
Hewes St,Lorimer St,1303,1304,Queens Blvd Local/6 Av Local to Lorimer St
Lorimer St,Flushing Av,1304,1306,Queens Blvd Local/6 Av Local to Flushing Av
Flushing Av,Myrtle Av,1306,1307,Queens Blvd Local/6 Av Local to Myrtle Av
Myrtle Av,Central Av,1307,1309,Queens Blvd Local/6 Av Local to Central Av
Central Av,Knickerbocker Av,1309,1311,Queens Blvd Local/6 Av Local to Knickerbocker Av
Knickerbocker Av,Myrtle-Wyckoff Avs,1311,1313,Queens Blvd Local/6 Av Local to Myrtle-Wyckoff Avs
Myrtle-Wyckoff Avs,Seneca Av,1313,1314,Queens Blvd Local/6 Av Local to Seneca Av
Seneca Av,Forest Av,1314,1316,Queens Blvd Local/6 Av Local to Forest Av
Forest Av,Fresh Pond Rd,1316,1318,Queens Blvd Local/6 Av Local to Fresh Pond Rd
Fresh Pond Rd,Middle Village-Metropolitan Av,1318,1320,Queens Blvd Local/6 Av Local to Middle Village-Metropolitan Av
Delancey St-Essex St,Marcy Av,1304,1312,Queens Blvd Local/6 Av Local to Marcy Av
Marcy Av,Hewes St,1314,1315,Queens Blvd Local/6 Av Local to Hewes St
Hewes St,Lorimer St,1315,1316,Queens Blvd Local/6 Av Local to Lorimer St
Lorimer St,Flushing Av,1316,1318,Queens Blvd Local/6 Av Local to Flushing Av
Flushing Av,Myrtle Av,1318,1319,Queens Blvd Local/6 Av Local to Myrtle Av
Myrtle Av,Central Av,1319,1321,Queens Blvd Local/6 Av Local to Central Av
Central Av,Knickerbocker Av,1321,1323,Queens Blvd Local/6 Av Local to Knickerbocker Av
Knickerbocker Av,Myrtle-Wyckoff Avs,1323,1325,Queens Blvd Local/6 Av Local to Myrtle-Wyckoff Avs
Myrtle-Wyckoff Avs,Seneca Av,1325,1326,Queens Blvd Local/6 Av Local to Seneca Av
Seneca Av,Forest Av,1326,1328,Queens Blvd Local/6 Av Local to Forest Av
Forest Av,Fresh Pond Rd,1328,1330,Queens Blvd Local/6 Av Local to Fresh Pond Rd
Fresh Pond Rd,Middle Village-Metropolitan Av,1330,1332,Queens Blvd Local/6 Av Local to Middle Village-Metropolitan Av
Delancey St-Essex St,Marcy Av,1316,1324,Queens Blvd Local/6 Av Local to Marcy Av
Marcy Av,Hewes St,1326,1327,Queens Blvd Local/6 Av Local to Hewes St
Hewes St,Lorimer St,1327,1328,Queens Blvd Local/6 Av Local to Lorimer St
Lorimer St,Flushing Av,1328,1330,Queens Blvd Local/6 Av Local to Flushing Av
Flushing Av,Myrtle Av,1330,1331,Queens Blvd Local/6 Av Local to Myrtle Av
Myrtle Av,Central Av,1331,1333,Queens Blvd Local/6 Av Local to Central Av
Central Av,Knickerbocker Av,1333,1335,Queens Blvd Local/6 Av Local to Knickerbocker Av
Knickerbocker Av,Myrtle-Wyckoff Avs,1335,1337,Queens Blvd Local/6 Av Local to Myrtle-Wyckoff Avs
Myrtle-Wyckoff Avs,Seneca Av,1337,1338,Queens Blvd Local/6 Av Local to Seneca Av
Seneca Av,Forest Av,1338,1340,Queens Blvd Local/6 Av Local to Forest Av
Forest Av,Fresh Pond Rd,1340,1342,Queens Blvd Local/6 Av Local to Fresh Pond Rd
Fresh Pond Rd,Middle Village-Metropolitan Av,1342,1344,Queens Blvd Local/6 Av Local to Middle Village-Metropolitan Av
Delancey St-Essex St,Marcy Av,1330,1338,Queens Blvd Local/6 Av Local to Marcy Av
Marcy Av,Hewes St,1340,1341,Queens Blvd Local/6 Av Local to Hewes St
Hewes St,Lorimer St,1341,1342,Queens Blvd Local/6 Av Local to Lorimer St
Lorimer St,Flushing Av,1342,1344,Queens Blvd Local/6 Av Local to Flushing Av
Flushing Av,Myrtle Av,1344,1345,Queens Blvd Local/6 Av Local to Myrtle Av
Myrtle Av,Central Av,1345,1347,Queens Blvd Local/6 Av Local to Central Av
Central Av,Knickerbocker Av,1347,1349,Queens Blvd Local/6 Av Local to Knickerbocker Av
Knickerbocker Av,Myrtle-Wyckoff Avs,1349,1351,Queens Blvd Local/6 Av Local to Myrtle-Wyckoff Avs
Myrtle-Wyckoff Avs,Seneca Av,1351,1352,Queens Blvd Local/6 Av Local to Seneca Av
Seneca Av,Forest Av,1352,1354,Queens Blvd Local/6 Av Local to Forest Av
Forest Av,Fresh Pond Rd,1354,1356,Queens Blvd Local/6 Av Local to Fresh Pond Rd
Fresh Pond Rd,Middle Village-Metropolitan Av,1356,1358,Queens Blvd Local/6 Av Local to Middle Village-Metropolitan Av
Delancey St-Essex St,Marcy Av,1345,1353,Queens Blvd Local/6 Av Local to Marcy Av
Marcy Av,Hewes St,1355,1356,Queens Blvd Local/6 Av Local to Hewes St
Hewes St,Lorimer St,1356,1357,Queens Blvd Local/6 Av Local to Lorimer St
Lorimer St,Flushing Av,1357,1359,Queens Blvd Local/6 Av Local to Flushing Av
Flushing Av,Myrtle Av,1359,1360,Queens Blvd Local/6 Av Local to Myrtle Av
Myrtle Av,Central Av,1360,1362,Queens Blvd Local/6 Av Local to Central Av
Central Av,Knickerbocker Av,1362,1364,Queens Blvd Local/6 Av Local to Knickerbocker Av
Knickerbocker Av,Myrtle-Wyckoff Avs,1364,1366,Queens Blvd Local/6 Av Local to Myrtle-Wyckoff Avs
Myrtle-Wyckoff Avs,Seneca Av,1366,1367,Queens Blvd Local/6 Av Local to Seneca Av
Seneca Av,Forest Av,1367,1369,Queens Blvd Local/6 Av Local to Forest Av
Forest Av,Fresh Pond Rd,1369,1371,Queens Blvd Local/6 Av Local to Fresh Pond Rd
Fresh Pond Rd,Middle Village-Metropolitan Av,1371,1373,Queens Blvd Local/6 Av Local to Middle Village-Metropolitan Av
Delancey St-Essex St,Marcy Av,1360,1368,Queens Blvd Local/6 Av Local to Marcy Av
Marcy Av,Hewes St,1370,1371,Queens Blvd Local/6 Av Local to Hewes St
Hewes St,Lorimer St,1371,1372,Queens Blvd Local/6 Av Local to Lorimer St
Lorimer St,Flushing Av,1372,1374,Queens Blvd Local/6 Av Local to Flushing Av
Flushing Av,Myrtle Av,1374,1375,Queens Blvd Local/6 Av Local to Myrtle Av
Myrtle Av,Central Av,1375,1377,Queens Blvd Local/6 Av Local to Central Av
Central Av,Knickerbocker Av,1377,1379,Queens Blvd Local/6 Av Local to Knickerbocker Av
Knickerbocker Av,Myrtle-Wyckoff Avs,1379,1381,Queens Blvd Local/6 Av Local to Myrtle-Wyckoff Avs
Myrtle-Wyckoff Avs,Seneca Av,1381,1382,Queens Blvd Local/6 Av Local to Seneca Av
Seneca Av,Forest Av,1382,1384,Queens Blvd Local/6 Av Local to Forest Av
Forest Av,Fresh Pond Rd,1384,1386,Queens Blvd Local/6 Av Local to Fresh Pond Rd
Fresh Pond Rd,Middle Village-Metropolitan Av,1386,1388,Queens Blvd Local/6 Av Local to Middle Village-Metropolitan Av
Delancey St-Essex St,Marcy Av,1375,1383,Queens Blvd Local/6 Av Local to Marcy Av
Marcy Av,Hewes St,1385,1386,Queens Blvd Local/6 Av Local to Hewes St
Hewes St,Lorimer St,1386,1387,Queens Blvd Local/6 Av Local to Lorimer St
Lorimer St,Flushing Av,1387,1389,Queens Blvd Local/6 Av Local to Flushing Av
Flushing Av,Myrtle Av,1389,1390,Queens Blvd Local/6 Av Local to Myrtle Av
Myrtle Av,Central Av,1390,1392,Queens Blvd Local/6 Av Local to Central Av
Central Av,Knickerbocker Av,1392,1394,Queens Blvd Local/6 Av Local to Knickerbocker Av
Knickerbocker Av,Myrtle-Wyckoff Avs,1394,1396,Queens Blvd Local/6 Av Local to Myrtle-Wyckoff Avs
Myrtle-Wyckoff Avs,Seneca Av,1396,1397,Queens Blvd Local/6 Av Local to Seneca Av
Seneca Av,Forest Av,1397,1399,Queens Blvd Local/6 Av Local to Forest Av
Forest Av,Fresh Pond Rd,1399,1401,Queens Blvd Local/6 Av Local to Fresh Pond Rd
Fresh Pond Rd,Middle Village-Metropolitan Av,1401,1403,Queens Blvd Local/6 Av Local to Middle Village-Metropolitan Av
Delancey St-Essex St,Marcy Av,1390,1398,Queens Blvd Local/6 Av Local to Marcy Av
Marcy Av,Hewes St,1400,1401,Queens Blvd Local/6 Av Local to Hewes St
Hewes St,Lorimer St,1401,1402,Queens Blvd Local/6 Av Local to Lorimer St
Lorimer St,Flushing Av,1402,1404,Queens Blvd Local/6 Av Local to Flushing Av
Flushing Av,Myrtle Av,1404,1405,Queens Blvd Local/6 Av Local to Myrtle Av
Myrtle Av,Central Av,1405,1407,Queens Blvd Local/6 Av Local to Central Av
Central Av,Knickerbocker Av,1407,1409,Queens Blvd Local/6 Av Local to Knickerbocker Av
Knickerbocker Av,Myrtle-Wyckoff Avs,1409,1411,Queens Blvd Local/6 Av Local to Myrtle-Wyckoff Avs
Myrtle-Wyckoff Avs,Seneca Av,1411,1412,Queens Blvd Local/6 Av Local to Seneca Av
Seneca Av,Forest Av,1412,1414,Queens Blvd Local/6 Av Local to Forest Av
Forest Av,Fresh Pond Rd,1414,1416,Queens Blvd Local/6 Av Local to Fresh Pond Rd
Fresh Pond Rd,Middle Village-Metropolitan Av,1416,1418,Queens Blvd Local/6 Av Local to Middle Village-Metropolitan Av
Myrtle Av,Central Av,1402,1405,Queens Blvd Local/6 Av Local to Central Av
Central Av,Knickerbocker Av,1405,1406,Queens Blvd Local/6 Av Local to Knickerbocker Av
Knickerbocker Av,Myrtle-Wyckoff Avs,1406,1408,Queens Blvd Local/6 Av Local to Myrtle-Wyckoff Avs
Myrtle-Wyckoff Avs,Seneca Av,1408,1410,Queens Blvd Local/6 Av Local to Seneca Av
Seneca Av,Forest Av,1410,1411,Queens Blvd Local/6 Av Local to Forest Av
Forest Av,Fresh Pond Rd,1411,1413,Queens Blvd Local/6 Av Local to Fresh Pond Rd
Fresh Pond Rd,Middle Village-Metropolitan Av,1413,1415,Queens Blvd Local/6 Av Local to Middle Village-Metropolitan Av
Delancey St-Essex St,Marcy Av,1405,1413,Queens Blvd Local/6 Av Local to Marcy Av
Marcy Av,Hewes St,1415,1416,Queens Blvd Local/6 Av Local to Hewes St
Hewes St,Lorimer St,1416,1417,Queens Blvd Local/6 Av Local to Lorimer St
Lorimer St,Flushing Av,1417,1419,Queens Blvd Local/6 Av Local to Flushing Av
Flushing Av,Myrtle Av,1419,1420,Queens Blvd Local/6 Av Local to Myrtle Av
Myrtle Av,Central Av,1420,1422,Queens Blvd Local/6 Av Local to Central Av
Central Av,Knickerbocker Av,1422,1424,Queens Blvd Local/6 Av Local to Knickerbocker Av
Knickerbocker Av,Myrtle-Wyckoff Avs,1424,1426,Queens Blvd Local/6 Av Local to Myrtle-Wyckoff Avs
Myrtle-Wyckoff Avs,Seneca Av,1426,1427,Queens Blvd Local/6 Av Local to Seneca Av
Seneca Av,Forest Av,1427,1429,Queens Blvd Local/6 Av Local to Forest Av
Forest Av,Fresh Pond Rd,1429,1431,Queens Blvd Local/6 Av Local to Fresh Pond Rd
Fresh Pond Rd,Middle Village-Metropolitan Av,1431,1433,Queens Blvd Local/6 Av Local to Middle Village-Metropolitan Av
Myrtle Av,Central Av,1424,1427,Queens Blvd Local/6 Av Local to Central Av
Central Av,Knickerbocker Av,1427,1428,Queens Blvd Local/6 Av Local to Knickerbocker Av
Knickerbocker Av,Myrtle-Wyckoff Avs,1428,1430,Queens Blvd Local/6 Av Local to Myrtle-Wyckoff Avs
Myrtle-Wyckoff Avs,Seneca Av,1430,1432,Queens Blvd Local/6 Av Local to Seneca Av
Seneca Av,Forest Av,1432,1433,Queens Blvd Local/6 Av Local to Forest Av
Forest Av,Fresh Pond Rd,1433,1435,Queens Blvd Local/6 Av Local to Fresh Pond Rd
Fresh Pond Rd,Middle Village-Metropolitan Av,1435,1437,Queens Blvd Local/6 Av Local to Middle Village-Metropolitan Av
Myrtle Av,Central Av,1439,1442,Queens Blvd Local/6 Av Local to Central Av
Central Av,Knickerbocker Av,1442,1443,Queens Blvd Local/6 Av Local to Knickerbocker Av
Knickerbocker Av,Myrtle-Wyckoff Avs,1443,1445,Queens Blvd Local/6 Av Local to Myrtle-Wyckoff Avs
Myrtle-Wyckoff Avs,Seneca Av,1445,1447,Queens Blvd Local/6 Av Local to Seneca Av
Seneca Av,Forest Av,1447,1448,Queens Blvd Local/6 Av Local to Forest Av
Forest Av,Fresh Pond Rd,1448,1450,Queens Blvd Local/6 Av Local to Fresh Pond Rd
Fresh Pond Rd,Middle Village-Metropolitan Av,1450,1452,Queens Blvd Local/6 Av Local to Middle Village-Metropolitan Av
